1,1,1,1,1,1,3,4,1,3,3,4,3,1,3,3,3,2,2,3,3,3,2,2,3,2,3,2,2,1,4,1,2,3,2,3,4,1,4,4,1,3,3,2,2,3,4,3,3,2,2,3,4,3,1,2,1,3,1,1,1
2,2,3,2,4,1,4,3,3,3,4,1,2,3,2,4,2,3,1,2,1,4,2,2,2,3,4,2,3,3,2,3,1,2,2,2,4,4,1,2,4,1,1,4,1,3,4,1,2,3,3,2,3,1,2,3,3,2,4,4,2
3,3,4,4,4,2,2,2,3,4,1,4,1,2,2,3,4,3,3,2,3,2,2,2,2,1,2,2,2,1,4,4,3,4,2,1,4,4,1,4,2,4,4,4,1,2,1,4,4,4,2,1,2,3,2,1,4,2,3,2,1
4,4,1,3,3,2,2,3,1,2,1,4,2,2,3,3,4,2,2,3,4,2,3,2,3,2,3,1,1,1,4,4,2,1,1,2,3,2,3,1,4,1,2,1,3,2,4,2,4,3,2,2,1,1,2,1,1,2,2,4,3
5,3,2,3,4,4,4,1,4,1,4,4,2,2,1,2,1,3,4,1,4,3,3,2,3,4,4,2,2,3,4,4,3,1,3,4,3,4,4,4,4,4,4,2,2,4,4,4,4,4,2,2,3,4,2,2,4,3,4,1,1
6,4,4,1,1,4,1,3,4,3,3,4,4,1,4,4,1,4,1,1,1,2,2,2,3,4,4,4,1,1,4,4,3,1,4,4,2,3,2,3,4,4,3,4,1,2,2,1,4,4,1,2,1,1,4,4,4,1,4,4,4
7,3,4,4,2,4,1,4,3,1,3,4,4,3,4,2,4,4,1,4,4,2,2,2,3,4,4,1,4,1,4,4,3,4,1,4,4,2,3,2,2,2,3,2,2,2,2,3,4,2,3,2,2,4,1,2,2,2,4,4,4
8,1,4,2,4,1,1,1,4,3,4,1,1,1,2,3,2,2,3,3,1,2,3,4,1,4,3,2,3,4,3,1,1,1,3,1,4,3,4,3,2,1,3,1,4,2,3,2,1,1,4,2,3,2,2,1,2,2,3,4,3
9,4,4,2,3,4,4,1,2,2,4,1,2,2,1,2,1,4,2,4,2,4,3,4,2,1,4,3,1,1,4,3,2,4,4,2,2,2,2,2,3,4,2,2,2,2,4,3,2,2,3,4,2,2,2,3,4,2,2,4,4
10,2,3,3,4,1,4,2,2,2,3,4,2,2,3,3,4,3,4,2,2,3,2,2,3,4,2,1,2,1,4,4,4,1,1,3,4,2,3,4,4,2,1,4,4,1,3,1,1,4,4,1,4,2,4,2,2,1,4,2,3
11,3,1,3,3,3,3,1,3,3,3,1,1,3,3,4,3,3,2,3,1,3,3,3,3,1,3,2,1,3,3,1,4,3,3,1,3,3,4,3,3,3,4,3,3,1,1,3,2,3,2,3,3,4,2,3,4,3,1,2,2
12,3,2,2,1,4,2,1,3,4,4,4,2,3,2,4,2,2,3,4,3,2,1,1,2,4,2,4,2,1,4,4,3,1,1,4,4,2,3,4,4,2,3,3,2,2,2,4,3,2,4,2,2,4,2,4,4,4,4,2,2
13,1,4,3,4,3,4,1,2,1,3,4,4,3,4,2,1,3,2,3,2,3,4,2,2,3,3,1,2,1,4,1,3,2,1,3,4,3,3,3,4,1,4,1,2,2,3,3,2,1,1,2,1,2,2,2,2,1,4,2,2
14,4,4,1,1,2,3,1,1,4,4,1,4,2,2,1,3,4,4,1,3,2,3,4,4,3,2,2,3,1,4,4,2,1,3,4,4,3,4,4,3,4,1,4,4,1,2,3,1,2,4,3,2,3,3,2,3,2,2,2,3
15,4,4,4,3,1,2,2,2,1,4,2,1,3,2,3,1,3,3,3,3,3,1,1,3,1,3,1,1,3,3,1,1,3,3,2,1,1,1,2,3,3,2,1,1,1,1,1,4,1,1,3,4,1,1,4,3,3,2,2,1
16,3,3,1,1,3,1,1,1,4,1,1,1,3,1,2,1,3,3,4,1,2,4,4,2,2,1,1,1,1,1,4,3,1,1,4,3,3,1,2,1,2,1,2,1,3,3,2,1,1,3,4,4,1,1,4,2,3,1,3,1
17,3,4,4,2,2,3,4,1,2,1,2,3,3,2,1,2,2,3,2,2,3,3,3,1,3,4,4,2,1,4,1,4,1,3,4,1,1,3,4,3,4,1,1,4,4,3,4,2,3,4,4,1,2,3,3,3,4,1,4,2
18,3,2,4,1,3,4,4,2,4,2,2,3,1,4,4,1,4,3,2,2,1,3,4,1,1,1,3,1,2,4,4,3,1,2,1,4,4,2,3,3,2,2,4,4,2,4,1,2,4,4,1,3,4,2,2,2,2,4,2,2
19,3,4,4,3,3,2,1,3,4,4,3,3,3,3,4,4,3,3,3,3,4,4,3,3,3,3,2,2,1,4,1,1,4,1,3,3,3,3,4,3,4,1,3,3,2,1,4,4,2,1,1,1,4,4,2,3,4,1,2,3
20,4,3,3,2,3,1,4,1,1,4,2,2,3,4,4,4,2,4,1,1,4,3,2,2,4,4,2,3,1,1,3,3,4,3,4,4,1,2,3,3,4,4,4,4,1,1,1,1,3,1,1,4,4,2,2,2,1,1,2,2
21,4,3,2,3,4,2,2,1,4,1,4,2,2,2,2,3,2,1,2,2,2,3,4,1,4,1,3,4,4,4,4,3,1,1,4,4,1,4,4,4,1,4,1,3,4,4,4,4,4,3,4,3,2,1,3,4,3,2,2,2
22,3,1,1,3,1,3,1,2,1,1,1,1,3,2,1,3,1,3,1,3,1,3,1,3,1,3,1,3,4,3,3,2,3,3,4,3,3,3,3,3,3,4,1,4,1,2,1,4,1,4,3,2,3,2,1,2,1,2,3,4
23,3,1,4,1,2,2,1,1,2,1,4,4,4,4,1,4,3,3,3,1,3,4,3,3,3,4,1,1,3,3,3,4,1,3,4,1,1,4,1,3,4,1,4,1,3,4,3,3,2,3,1,3,4,3,4,4,1,3,2,3
24,4,3,4,1,4,4,2,1,3,2,2,1,3,4,2,2,2,3,4,2,3,2,3,2,3,4,3,2,1,4,1,3,1,2,2,1,4,4,4,2,2,1,2,4,3,4,2,3,1,2,4,1,4,4,1,2,2,1,4,4
25,2,3,2,4,1,2,4,4,3,4,1,3,4,4,4,4,4,4,2,1,1,2,3,2,4,4,2,4,4,4,4,4,1,4,2,3,4,3,4,2,4,3,2,3,3,2,2,2,2,3,3,2,1,2,3,3,3,2,2,3
26,3,4,4,3,2,1,1,3,3,2,3,4,1,1,3,3,2,3,2,3,2,2,1,2,1,3,3,1,3,3,1,3,3,1,3,3,1,3,3,3,3,3,3,4,1,4,1,2,1,4,3,2,3,3,4,2,3,2,3,4
27,1,3,3,4,4,2,3,3,1,4,3,2,2,4,1,2,2,3,4,4,3,1,2,3,4,2,3,2,3,4,4,1,4,3,3,4,2,3,4,4,1,1,4,2,2,2,1,1,4,2,1,4,2,3,1,2,3,4,4,2
28,1,1,3,1,3,2,1,1,2,4,3,1,1,3,1,4,3,3,2,3,4,4,1,1,2,3,1,1,1,4,4,3,1,1,4,4,2,1,3,3,1,2,3,3,3,1,3,3,3,4,2,3,2,3,2,2,3,4,4,1
29,4,4,1,3,4,4,1,1,1,2,4,4,2,3,3,3,1,2,2,4,4,4,1,4,3,3,1,2,1,2,1,4,4,4,4,2,2,4,4,2,2,4,4,2,4,4,4,4,4,2,4,1,1,4,4,1,2,3,2,4
30,2,1,1,4,3,2,3,2,1,2,1,3,4,4,2,3,3,1,1,3,3,3,3,1,2,3,3,2,1,4,4,3,1,3,3,4,1,3,4,1,1,4,1,3,4,1,1,4,3,4,4,2,1,4,2,1,4,1,4,4
31,1,3,2,2,1,4,1,1,2,3,4,2,2,2,2,2,3,4,4,4,1,4,4,2,1,1,4,1,4,4,4,2,2,4,2,4,2,2,4,4,1,2,2,3,2,4,1,2,4,3,4,2,4,2,1,1,4,4,3,4
32,3,4,2,1,3,4,3,1,3,2,3,4,2,2,3,1,2,2,3,2,3,3,2,3,2,3,4,2,1,4,2,3,2,3,3,4,4,4,2,1,1,3,4,3,4,2,3,4,4,3,4,3,4,3,4,3,4,2,3,4
33,2,3,3,1,1,4,1,1,3,2,2,1,2,3,1,3,4,1,3,4,4,4,1,1,1,2,1,3,3,3,2,1,3,3,2,3,2,1,1,1,1,1,1,1,1,1,1,1,1,1,1,1,1,3,3,3,2,3,2,3
34,2,1,3,4,1,3,4,4,4,3,4,4,3,4,2,3,4,1,4,4,3,4,1,3,3,2,4,2,2,1,4,1,1,1,4,3,3,2,4,3,3,4,2,3,2,3,2,2,3,3,4,4,1,4,2,2,1,4,4,1
35,4,3,2,2,4,3,4,2,2,3,3,2,1,4,1,4,2,1,4,3,4,3,2,3,1,4,4,1,4,4,3,4,4,1,4,3,4,4,2,2,1,4,2,3,3,4,4,1,4,3,4,4,2,2,2,3,3,3,4,2
36,4,3,2,2,3,3,2,3,3,4,4,3,4,4,4,4,4,4,3,2,2,3,3,2,3,2,2,3,1,4,4,1,1,4,1,1,1,2,2,3,1,3,1,3,2,2,2,1,1,1,4,4,1,2,2,1,4,1,1,4
37,3,2,1,3,1,1,4,1,4,4,1,1,2,2,1,1,4,1,2,1,3,1,1,1,2,2,3,2,2,2,3,2,4,4,2,2,2,3,3,4,3,4,1,3,4,3,4,4,1,4,1,3,3,4,3,4,3,4,1,3
38,1,3,4,2,2,1,4,4,3,3,1,1,1,4,1,4,1,1,1,1,3,4,1,4,1,4,4,1,4,1,4,4,1,4,4,2,2,1,4,4,4,1,4,4,4,3,3,4,1,1,3,3,3,1,4,3,4,3,4,2
39,4,1,1,4,2,2,4,4,1,2,1,2,4,4,1,4,2,1,3,4,2,1,4,3,2,1,3,3,2,4,4,3,4,1,4,2,3,2,3,4,3,3,2,2,2,2,3,4,4,4,2,2,3,4,3,3,2,1,1,3
40,4,2,2,2,1,3,3,3,1,4,3,4,3,4,2,1,2,1,2,1,4,2,3,1,4,2,4,2,2,3,4,2,2,4,3,1,3,4,3,2,1,4,4,2,2,3,4,4,3,4,2,3,4,4,4,3,2,3,2,2
41,4,3,4,4,4,1,2,2,3,2,1,1,2,3,2,2,3,3,2,2,2,2,1,3,2,2,1,2,1,4,1,1,1,3,4,4,3,4,2,3,1,2,2,2,1,4,2,3,2,1,1,4,2,2,3,4,4,4,2,2
42,2,1,3,2,3,2,3,1,3,3,4,3,2,3,2,3,3,3,2,2,1,2,2,3,3,2,1,2,1,4,2,3,2,2,3,1,4,4,1,1,1,3,4,1,4,2,3,4,4,3,4,1,3,3,4,3,2,3,3,4
43,2,4,3,2,3,4,2,2,2,2,3,4,2,1,4,2,3,4,4,1,3,4,1,3,4,2,3,4,3,3,2,4,4,2,2,3,4,1,4,2,1,1,4,1,1,4,4,1,4,1,1,4,1,4,4,1,1,4,4,1
44,2,2,2,1,2,2,2,3,2,1,2,3,2,3,3,3,4,2,3,3,4,3,2,2,3,4,4,2,1,4,4,1,3,4,3,3,2,2,3,4,3,2,2,3,3,2,2,2,2,1,2,2,1,2,2,1,1,4,1,2
45,3,3,3,3,1,4,1,4,1,4,1,4,3,3,3,4,4,1,1,4,4,1,1,4,3,4,3,3,1,3,2,1,4,1,1,3,4,1,3,3,1,4,4,4,4,1,4,1,4,2,1,1,4,1,4,1,3,2,1,4
46,2,3,4,4,1,4,2,2,3,2,1,3,1,1,4,3,3,2,2,1,4,1,1,3,1,1,4,1,2,2,1,1,2,4,4,2,1,3,2,1,2,2,2,2,3,2,4,4,2,4,2,3,4,4,2,3,4,4,3,3
47,4,1,2,2,1,1,2,1,3,1,3,2,2,1,4,4,3,3,3,3,1,1,3,4,4,1,3,1,1,1,3,3,1,4,3,1,4,1,4,3,3,4,4,2,2,2,1,2,2,1,1,3,1,2,1,1,4,3,3,4
48,1,1,4,1,1,1,2,3,3,4,1,3,3,3,2,1,1,1,4,3,3,3,2,3,1,4,3,1,2,1,3,2,1,1,1,3,1,1,3,2,3,4,1,3,3,3,2,1,1,2,1,1,3,3,2,2,1,3,2,1
49,3,4,3,3,2,2,1,3,4,1,2,2,2,2,2,2,2,1,2,2,4,2,2,3,3,3,1,2,1,4,3,4,3,3,2,2,3,4,4,2,3,2,2,3,2,1,4,2,1,1,4,2,1,2,4,4,3,2,4,2
50,3,1,2,3,1,2,1,3,3,3,3,3,2,3,1,2,1,3,2,2,3,3,3,4,3,3,3,2,1,4,4,4,3,4,3,3,4,1,3,3,4,2,2,3,3,3,4,2,3,2,1,4,3,1,3,2,3,3,2,1
51,3,4,3,3,4,3,3,4,4,3,4,1,1,3,4,4,1,4,2,3,2,1,4,3,3,4,3,4,3,4,4,4,4,4,4,1,2,2,2,3,4,1,3,2,1,1,2,1,2,2,1,3,2,3,4,4,4,3,4,4
52,1,1,1,3,3,3,4,4,3,3,3,1,4,1,4,4,4,3,2,1,1,1,1,2,3,4,1,4,3,3,4,3,4,3,1,3,3,4,1,3,4,1,1,3,1,4,2,1,2,4,4,3,2,2,3,4,2,3,1,2
53,3,2,3,4,4,4,2,1,3,1,4,4,1,4,3,4,3,1,3,2,2,3,4,4,3,1,2,2,1,1,2,1,4,1,2,2,2,2,1,4,4,1,2,1,4,4,4,2,2,3,3,2,1,4,3,3,2,2,3,2
54,1,3,3,3,4,2,1,3,3,3,3,1,1,1,1,1,3,3,3,3,2,2,3,2,1,3,3,3,1,4,2,1,2,2,1,1,2,3,4,3,4,2,1,2,3,4,1,1,4,1,1,1,3,2,3,3,3,2,1,4
55,1,1,1,4,4,3,1,1,3,4,1,4,2,2,3,4,3,4,1,4,4,1,4,3,4,2,2,2,3,4,2,2,1,2,2,3,4,3,2,2,2,1,4,1,2,2,3,3,2,2,2,2,1,2,3,2,2,2,1,2
56,4,4,2,3,1,2,2,2,4,1,4,2,2,2,4,3,2,1,2,2,2,3,4,1,4,1,3,4,4,1,4,3,1,1,4,4,1,4,4,4,4,4,1,3,4,4,4,1,4,4,3,2,1,3,4,3,2,3,2,3
57,4,3,3,2,3,4,2,2,2,1,4,4,1,1,3,4,1,3,4,1,3,3,4,4,4,4,2,3,1,3,3,4,3,3,1,3,1,3,3,3,3,1,1,3,1,2,3,3,4,4,4,3,1,1,1,3,1,4,4,1
58,2,2,3,2,1,2,3,2,2,2,1,2,3,2,3,2,2,2,1,2,2,2,2,2,1,2,2,1,2,2,3,3,4,4,2,2,2,1,3,2,2,1,3,4,4,2,4,4,2,1,3,2,3,3,4,4,4,2,2,1
59,2,2,1,2,1,2,2,2,2,3,3,2,2,3,2,1,1,4,3,4,2,1,4,1,4,2,2,2,1,4,2,2,3,3,4,2,2,1,3,4,4,1,2,2,2,1,2,1,4,2,4,4,2,2,2,2,3,4,4,3
60,4,3,4,3,1,4,2,2,4,2,3,3,2,3,2,3,1,3,1,2,4,4,4,1,3,3,2,2,1,4,4,3,1,1,4,4,1,4,1,4,1,4,2,1,4,4,4,1,3,3,4,4,4,4,4,2,2,3,4,4
61,2,2,1,2,2,2,3,2,2,1,4,2,2,2,2,2,1,1,2,3,2,2,3,2,2,3,4,2,1,4,1,2,1,1,4,2,3,4,4,3,4,3,2,3,1,1,4,1,1,2,3,1,2,2,2,4,4,1,2,3
62,1,1,4,2,3,3,2,4,4,4,3,4,4,1,2,2,2,4,4,3,2,1,1,2,3,3,2,1,1,4,4,3,4,1,4,2,4,4,2,4,1,4,2,2,4,4,4,1,4,2,4,1,3,2,3,4,4,4,4,3
63,3,4,2,4,1,2,2,1,4,1,2,4,3,4,1,1,3,4,1,4,1,4,2,4,1,4,1,4,2,4,4,3,4,1,4,3,4,1,4,4,2,3,4,1,1,3,4,4,2,2,2,4,3,4,2,1,4,4,4,4
64,1,2,1,2,2,1,2,1,2,3,2,4,2,1,3,1,4,3,2,4,4,1,2,2,2,2,1,4,1,1,3,1,2,3,1,2,2,2,1,1,1,3,4,2,3,4,4,2,3,3,4,1,3,2,1,3,4,1,1,2
65,2,2,2,3,4,4,1,2,2,1,4,3,2,3,4,3,4,1,2,2,2,1,3,2,3,2,1,3,4,4,4,3,1,1,3,4,1,2,2,2,2,2,3,3,2,2,3,4,2,2,2,3,4,4,2,1,3,3,2,2
66,2,1,1,4,2,2,3,4,1,1,1,2,2,1,3,2,3,3,1,3,1,2,3,1,3,4,4,2,1,4,4,3,1,1,4,3,2,2,1,3,1,2,1,4,1,1,4,1,4,2,2,2,3,2,3,2,3,2,2,2
67,2,1,1,3,4,4,1,2,2,2,2,1,1,2,3,4,2,3,2,2,3,4,3,4,2,2,4,2,3,4,4,3,1,1,4,4,4,1,2,4,2,2,2,4,4,4,3,3,2,3,4,3,4,2,2,3,3,4,4,1
68,2,2,3,4,2,2,3,4,4,4,1,1,4,2,2,4,2,2,2,3,3,2,2,3,4,1,2,2,2,1,4,2,3,2,2,1,2,3,2,2,3,4,2,3,3,2,2,1,4,1,2,2,1,3,4,4,1,2,2,4
69,4,2,3,2,3,4,1,3,4,1,4,3,2,3,2,3,2,1,3,2,4,2,3,3,4,3,1,1,1,4,4,3,2,1,4,1,3,3,2,3,4,4,4,4,1,4,2,3,4,1,1,4,3,4,4,3,2,4,4,4
70,4,1,3,2,3,4,4,1,4,4,1,2,1,4,2,3,1,3,4,4,1,2,1,4,4,1,4,3,4,4,4,3,4,1,4,3,4,4,3,4,2,3,4,3,4,3,1,1,1,2,1,2,1,4,2,4,2,1,2,1
71,1,2,4,4,1,4,2,4,4,4,3,4,2,4,4,3,3,2,2,3,4,2,1,2,1,4,1,4,1,2,1,3,2,3,1,3,1,1,2,2,1,1,4,1,4,4,1,4,4,1,2,3,3,4,2,4,2,3,3,2
72,1,1,4,2,2,1,4,1,3,1,3,4,3,2,3,4,3,4,3,3,2,3,2,3,3,3,4,2,1,4,3,1,2,3,4,1,1,4,1,3,1,1,2,1,4,2,2,1,4,4,4,1,4,4,1,2,1,1,4,2
73,2,2,3,4,4,1,4,4,4,4,1,1,3,2,3,4,4,3,2,1,2,2,2,3,4,1,4,2,3,4,3,4,1,1,1,2,1,1,1,4,3,3,4,2,3,2,3,3,4,2,1,4,1,4,4,2,2,3,4,4
74,4,3,4,1,4,3,2,1,2,2,3,4,3,4,1,2,2,1,2,3,2,3,3,4,3,3,3,2,1,4,4,1,3,4,1,3,1,1,4,4,1,3,4,2,2,3,3,2,3,1,3,4,3,4,4,2,1,4,1,2
75,3,3,4,1,1,2,3,4,4,4,4,1,1,4,2,4,1,1,4,4,3,4,4,2,1,4,3,4,1,4,2,3,4,1,4,1,3,3,4,2,4,2,2,1,3,3,1,2,1,2,3,2,2,1,4,2,2,3,4,4
76,2,1,4,4,3,3,3,2,3,4,2,4,4,2,2,2,2,2,2,4,4,1,2,1,4,3,4,4,2,3,2,3,4,1,2,4,4,2,4,3,3,1,2,3,4,1,3,4,4,3,4,2,3,4,2,3,2,1,2,1
77,4,2,3,2,1,4,4,3,4,2,2,2,4,4,4,3,4,2,2,2,4,2,2,2,3,4,3,1,4,4,4,4,4,1,3,2,1,4,1,4,2,1,3,2,2,3,4,4,4,4,4,1,4,4,4,2,2,2,1,4
78,3,2,2,3,4,1,2,2,2,3,4,4,2,2,2,3,4,4,3,4,4,2,3,4,3,2,4,2,2,4,4,3,4,1,4,3,1,4,1,1,4,2,3,4,3,2,3,3,3,4,4,1,3,4,4,2,1,2,3,2
79,4,4,4,4,3,1,1,3,3,3,3,3,3,1,3,4,4,1,4,1,4,4,3,2,1,1,3,4,1,2,1,3,2,1,1,4,1,2,2,1,4,1,1,4,2,3,4,4,1,4,2,3,1,3,4,4,3,2,1,4
80,4,2,2,2,2,2,1,1,2,2,1,2,4,2,3,2,3,4,3,3,4,2,3,2,3,3,4,2,1,4,2,4,1,1,4,2,2,2,1,2,2,1,2,4,1,2,4,2,2,1,4,2,4,2,2,4,2,4,1,2
81,3,4,3,4,4,1,2,1,1,4,3,1,2,1,1,2,4,3,4,1,4,2,4,4,2,1,2,2,1,1,2,4,4,4,1,2,2,3,4,2,2,3,4,2,3,4,4,2,2,1,4,2,1,3,4,4,4,4,2,3
82,1,2,1,3,2,3,3,2,1,4,3,4,3,2,3,1,4,1,1,4,1,1,4,1,1,2,3,2,1,1,1,2,2,3,2,3,4,4,1,4,4,1,1,4,3,4,2,3,1,1,1,3,3,3,1,4,2,3,2,1
83,4,1,4,2,1,4,3,3,2,1,2,4,4,2,2,1,3,4,3,3,2,2,4,4,2,4,2,1,1,4,4,2,2,3,3,2,3,3,4,2,1,2,3,4,4,3,1,2,1,2,4,4,4,2,4,1,4,4,4,2
84,4,4,1,3,3,3,2,2,1,4,2,2,3,2,2,2,2,3,2,3,4,2,1,1,1,4,1,3,4,3,4,1,1,2,4,1,4,3,4,3,4,2,1,4,1,2,4,4,3,4,2,2,2,1,2,2,2,2,2,2
85,1,1,1,2,3,4,4,4,4,2,2,3,4,1,4,1,2,4,2,2,2,2,3,4,4,2,2,1,3,4,4,1,2,2,4,2,3,3,2,2,2,1,3,1,2,2,3,4,4,2,3,2,3,4,3,2,2,1,1,4
86,2,3,4,3,2,2,2,3,3,4,4,4,2,3,4,3,3,3,3,2,2,3,1,2,2,2,3,2,1,4,4,2,3,4,2,3,4,4,3,4,4,3,2,3,1,2,2,2,3,3,4,4,1,2,2,2,1,4,1,4
87,2,3,3,2,1,3,3,3,1,1,2,3,2,1,1,2,3,1,3,1,4,1,1,3,3,1,3,3,1,4,4,2,3,4,4,3,4,2,4,2,1,1,4,3,4,1,2,3,4,2,1,4,3,3,3,3,3,1,2,2
88,4,4,4,4,2,2,1,3,2,4,3,4,4,4,2,1,3,2,2,3,2,1,3,2,3,3,2,4,3,2,2,3,4,2,3,2,2,3,4,4,3,4,4,3,3,4,3,4,4,1,2,1,3,2,1,2,2,3,4,2
89,3,3,4,2,2,2,3,2,1,4,2,1,3,2,1,2,2,1,3,4,1,1,2,4,4,1,4,1,4,4,2,2,1,3,2,4,2,2,3,4,2,4,2,3,4,1,4,4,4,2,3,4,2,2,1,4,4,2,2,1
90,1,1,4,4,3,3,1,2,2,3,3,4,1,1,2,1,1,3,4,1,2,1,4,2,1,1,3,4,3,2,3,3,3,4,2,3,4,1,2,1,4,1,4,2,2,2,1,4,2,3,4,4,3,3,1,4,3,4,4,2
91,2,1,4,2,1,3,2,3,2,2,2,2,2,2,3,2,3,4,4,2,2,3,3,2,2,3,4,2,1,4,4,3,4,4,3,2,4,2,1,3,2,4,1,2,2,1,3,4,4,3,2,1,3,2,1,3,4,1,1,1
92,1,2,3,4,4,2,4,4,1,1,3,4,1,1,3,3,3,4,1,2,3,4,4,1,1,4,1,1,4,2,1,4,4,3,4,4,1,4,1,3,3,2,3,2,1,1,2,1,4,1,3,1,2,2,2,3,2,1,2,3
93,1,2,2,3,3,2,3,2,3,4,2,3,4,3,3,2,2,3,2,3,3,3,3,2,2,3,1,2,1,4,4,1,4,3,1,2,2,3,2,3,2,3,2,3,1,4,1,1,2,3,4,3,1,2,4,2,3,4,3,1
94,2,1,2,4,2,3,2,3,3,3,1,2,3,2,2,1,3,4,3,4,3,4,4,4,1,2,1,3,3,2,1,3,3,4,2,4,4,1,1,3,1,1,2,1,3,2,4,4,1,4,4,1,4,1,1,4,3,3,3,2
95,1,1,3,3,4,1,2,3,4,4,4,4,1,2,4,2,1,4,3,2,3,3,4,3,1,2,3,1,3,4,2,1,2,3,3,3,2,3,3,3,4,2,2,1,1,1,4,4,2,1,1,1,2,4,2,1,4,1,1,2
96,4,1,3,4,1,1,4,1,3,4,1,4,1,3,4,3,3,2,3,1,3,4,3,4,4,1,3,2,3,4,4,1,2,1,1,4,1,1,4,4,1,4,1,2,2,4,3,2,3,4,4,2,1,3,2,3,4,4,1,4
97,4,1,2,1,4,4,4,1,3,1,3,4,3,2,3,3,3,4,2,3,3,3,2,3,3,3,1,1,1,4,4,2,3,4,1,2,3,4,3,4,2,3,4,3,2,2,3,4,1,3,3,4,3,3,4,2,3,4,2,3
98,3,1,1,4,1,4,3,1,1,1,1,2,3,2,1,4,2,1,4,4,4,1,2,2,2,3,3,4,2,2,2,2,1,2,1,2,3,2,1,4,4,1,1,3,4,4,1,1,4,1,4,4,2,1,1,3,4,2,2,3
99,1,2,2,2,2,3,3,2,1,2,4,3,2,3,3,3,4,2,3,3,4,3,2,2,3,4,4,2,1,4,4,1,3,4,3,3,2,2,3,4,3,2,2,3,3,2,2,2,2,1,2,2,1,2,2,1,1,4,1,2
100,3,4,1,4,4,4,2,3,3,1,2,2,3,3,2,3,2,2,2,1,2,3,3,2,3,1,1,3,4,2,3,1,2,3,2,3,1,2,3,1,2,3,2,1,4,3,4,1,2,1,3,3,3,3,1,1,1,4,2,3
101,2,2,1,3,2,1,1,1,4,4,1,3,3,2,2,1,4,2,1,4,1,3,3,3,3,4,4,2,1,4,4,3,4,1,4,1,3,3,3,3,4,1,4,3,1,2,1,1,1,3,2,3,3,4,1,1,3,4,3,3
102,2,2,2,1,2,4,4,4,4,4,2,2,4,2,1,3,2,4,1,2,3,1,2,1,3,2,4,2,1,4,4,2,4,1,4,3,4,2,2,1,4,3,4,4,2,2,4,2,1,3,2,3,1,4,4,4,2,4,2,3
103,4,3,2,3,3,2,3,4,2,3,2,2,3,2,3,3,2,4,3,2,3,4,4,3,2,2,2,3,3,1,2,3,3,2,2,1,1,4,1,2,2,2,2,1,4,1,4,1,4,4,1,1,4,4,2,1,3,4,2,3
104,4,4,4,2,1,4,1,3,2,3,3,2,1,1,3,2,1,4,3,2,2,3,1,2,1,4,2,1,1,4,3,3,3,4,1,2,1,2,1,1,1,1,3,2,4,2,1,2,1,1,2,4,1,3,4,1,2,4,2,1
105,1,1,3,2,2,3,1,1,3,4,3,4,1,3,3,3,1,4,3,1,1,1,2,1,3,3,1,4,2,3,1,1,1,4,3,3,3,2,3,2,1,3,3,2,2,3,2,2,1,3,4,3,4,1,4,4,4,2,1,3
106,1,3,3,2,4,2,1,1,4,3,4,4,1,2,3,4,4,1,4,1,4,1,1,4,1,3,4,3,2,3,3,1,2,3,3,1,1,1,4,3,1,1,1,3,1,1,1,3,1,2,1,1,2,3,3,3,3,2,2,2
107,2,2,2,4,4,4,1,4,2,2,3,2,4,4,4,2,2,2,4,4,2,4,2,2,2,3,2,1,2,1,2,2,2,4,4,4,4,4,2,4,3,2,3,4,4,4,1,4,4,1,4,4,2,4,4,2,2,4,2,4
108,4,1,3,2,3,4,4,2,3,4,1,2,3,3,1,3,3,3,3,2,3,3,4,1,3,3,2,3,1,4,4,2,3,4,1,4,4,3,3,4,4,3,3,3,2,1,4,2,1,3,4,3,1,3,2,3,4,2,3,3
109,4,4,1,2,1,4,2,2,2,2,2,1,4,4,2,2,4,3,4,2,4,4,2,4,2,3,2,2,2,3,4,4,1,4,4,4,3,4,3,2,2,1,4,4,1,3,4,1,4,2,3,4,4,1,2,1,2,2,2,3
110,3,4,1,1,4,2,2,3,3,2,3,2,1,2,2,1,1,4,4,4,3,1,2,2,2,1,2,1,2,2,4,4,1,1,3,3,3,2,2,1,4,4,1,1,4,1,1,1,3,1,4,1,4,3,3,3,2,3,3,1
111,1,1,3,4,4,1,3,1,4,1,2,2,1,4,2,1,2,3,2,1,4,1,2,2,1,2,3,1,3,3,3,3,2,1,4,3,1,3,2,3,4,3,3,3,3,3,2,3,3,1,1,2,3,2,1,4,4,4,2,2
112,1,3,3,4,1,3,2,1,4,3,2,2,1,3,3,4,1,2,3,3,2,4,1,4,1,3,2,4,1,2,3,2,3,4,2,2,1,3,3,4,1,2,2,3,2,2,1,4,1,3,2,1,1,2,1,2,1,2,1,4
113,1,3,3,2,3,1,4,2,3,1,1,3,4,3,1,1,3,1,1,2,3,4,3,4,1,1,4,3,3,3,1,2,1,3,3,4,3,1,1,1,3,1,4,3,1,3,3,3,4,1,4,1,4,3,3,2,3,1,1,1
114,4,1,4,3,4,3,2,1,3,4,1,3,3,3,3,2,1,3,4,4,1,4,4,1,1,4,3,3,1,1,3,1,3,3,2,1,3,2,2,3,2,3,1,1,4,3,1,3,1,2,3,2,1,4,1,2,3,1,4,4
115,1,3,2,3,2,1,2,2,4,1,3,2,2,4,2,2,3,3,3,3,2,4,3,3,2,3,3,3,2,3,3,3,3,3,1,3,3,2,3,2,3,3,3,1,4,1,2,4,4,1,4,3,3,3,2,1,2,3,2,3
116,2,4,1,1,3,4,4,3,1,3,2,3,4,4,4,2,1,4,1,1,1,4,1,3,2,4,1,3,1,3,1,2,2,3,1,3,1,1,2,4,1,2,1,2,3,4,3,4,1,3,1,3,3,3,4,2,3,3,4,2
117,2,1,3,1,2,3,3,4,4,2,3,2,3,1,3,3,2,3,4,2,3,3,2,3,2,3,1,2,1,4,4,2,3,4,3,4,4,1,2,1,3,1,2,3,2,1,1,4,1,2,1,4,1,4,2,4,4,2,3,4
118,2,3,4,3,3,4,3,4,1,3,4,3,4,3,1,4,4,1,4,4,1,1,4,1,4,2,3,2,1,4,4,3,1,4,4,4,1,1,4,4,4,4,3,4,1,4,4,1,4,3,4,4,4,4,3,2,3,4,4,4
119,4,2,4,2,3,4,4,2,1,2,2,2,1,4,2,1,2,2,1,3,4,1,1,4,1,3,2,1,1,4,4,3,4,4,4,3,4,4,3,4,4,2,2,3,4,2,4,2,4,4,4,2,3,4,3,2,4,4,2,4
120,3,3,3,3,4,3,1,4,4,1,2,3,1,1,2,1,3,2,2,4,2,2,1,2,1,1,1,1,3,3,1,1,1,1,1,3,3,1,3,4,4,3,3,3,1,4,4,1,4,3,2,1,3,4,2,1,4,1,3,1
121,2,3,4,1,2,2,3,3,1,1,4,3,2,1,3,2,3,4,2,2,3,4,2,2,3,2,4,4,2,2,3,2,2,2,1,1,1,4,3,4,2,3,1,4,4,1,3,3,1,2,1,4,4,3,4,3,4,1,4,2
122,3,2,2,3,1,1,2,1,3,2,3,4,3,2,1,3,4,3,2,3,3,3,4,3,4,3,3,2,1,4,4,4,3,1,1,1,1,1,1,2,3,3,4,3,3,4,2,3,4,2,1,1,4,3,2,1,1,4,2,3
123,3,4,3,3,3,3,3,1,3,3,2,2,2,2,1,2,3,1,2,3,2,3,3,2,3,2,3,2,3,1,3,2,1,4,1,3,1,2,2,1,3,3,3,1,3,4,1,4,1,2,1,3,3,2,3,3,4,2,3,1
124,3,2,3,1,4,1,1,4,4,4,2,3,4,1,4,1,2,2,1,3,4,2,1,3,3,3,3,3,2,1,2,1,4,2,3,4,3,1,3,2,2,2,2,3,1,4,1,1,2,1,4,3,4,2,2,3,4,1,3,1
125,2,2,2,2,1,4,2,3,3,1,2,2,4,2,2,2,1,4,3,1,2,4,2,1,4,1,2,3,2,3,4,1,1,4,2,3,3,1,3,3,4,1,4,1,2,3,2,1,2,2,3,4,1,4,1,1,2,3,1,3
126,2,3,4,1,1,1,3,3,3,4,3,2,2,2,1,3,3,2,1,3,1,3,2,3,3,4,4,2,1,4,1,4,1,1,4,2,3,2,2,1,3,4,1,1,4,1,1,1,3,3,4,1,2,1,4,4,4,3,4,1
127,3,2,1,2,4,2,1,4,2,2,4,2,3,1,4,2,4,2,2,2,1,4,4,2,4,2,2,3,2,3,2,4,2,2,3,3,2,3,2,2,3,3,2,1,4,4,3,4,4,2,4,2,1,1,1,1,2,3,3,3
128,4,2,1,2,1,4,2,2,1,2,3,4,2,2,4,4,3,2,2,3,3,2,2,2,2,3,4,2,1,4,1,1,3,2,3,1,4,1,4,2,3,4,2,3,2,2,4,2,1,3,2,3,2,2,2,3,4,2,3,4
129,3,2,1,4,2,3,3,3,3,3,2,3,3,3,3,2,3,2,3,2,3,2,2,3,2,3,3,2,1,4,4,1,3,2,1,3,2,3,3,2,3,2,4,1,1,2,2,2,2,4,1,4,3,4,1,2,1,1,4,2
130,1,3,4,1,4,1,4,1,2,1,4,4,2,1,3,3,3,4,4,1,2,2,1,1,1,3,3,1,3,4,1,3,4,3,4,3,3,2,2,1,3,4,3,1,3,4,4,2,1,3,1,3,4,2,1,1,1,4,3,4
131,2,3,1,1,2,1,1,4,3,3,3,3,3,2,3,4,3,1,3,4,3,1,1,2,3,3,2,3,1,4,4,3,4,1,1,1,4,1,2,2,2,2,3,4,1,2,1,1,1,1,4,1,2,1,1,3,2,1,3,2
132,3,4,4,2,3,2,4,2,3,3,3,3,4,4,3,4,3,2,2,1,3,3,3,4,3,4,3,4,4,1,1,3,4,3,2,1,3,3,3,3,2,2,1,2,2,2,2,3,3,3,1,2,2,3,3,1,1,4,3,3
133,4,4,3,2,1,2,1,1,2,3,2,3,2,2,2,2,1,4,1,4,1,1,4,4,3,4,4,3,4,3,4,1,4,4,2,2,1,3,2,1,2,4,4,1,1,4,1,3,4,2,3,4,2,3,4,2,3,3,2,3
134,3,3,4,1,1,2,3,2,3,2,3,4,1,4,1,3,1,1,1,2,4,4,1,4,1,3,4,2,1,4,4,4,3,2,1,1,1,2,3,1,2,1,3,1,1,1,3,4,2,2,1,4,2,3,1,3,1,3,3,4
135,2,1,2,2,1,4,2,2,4,4,4,3,1,1,1,2,1,1,3,3,3,2,1,1,1,4,4,4,2,2,1,1,3,1,1,3,1,1,2,1,3,4,2,3,1,3,1,4,1,4,1,4,1,3,3,2,1,1,1,1
136,1,2,2,1,4,4,1,4,3,3,3,1,3,1,1,4,2,3,2,3,3,4,4,4,4,1,1,3,4,4,4,3,4,2,4,4,4,3,2,1,4,4,4,4,3,4,4,2,1,1,4,1,1,4,4,4,4,3,4,1
137,4,1,3,2,2,4,2,2,4,2,2,2,4,3,2,2,1,2,1,2,2,2,4,2,2,4,2,2,1,4,4,3,1,1,4,2,2,2,4,4,2,2,1,4,2,2,4,1,2,2,4,4,4,4,2,1,3,4,2,4
138,2,1,4,3,2,2,2,4,4,2,2,4,4,3,4,2,2,3,4,4,4,3,2,2,2,1,1,2,1,4,1,4,4,1,4,4,2,2,4,3,4,4,1,4,4,1,4,4,1,4,1,2,1,4,4,1,4,1,3,4
139,2,2,1,4,2,2,3,2,3,2,3,2,1,3,4,2,3,3,3,3,4,4,2,2,1,4,1,2,1,4,4,3,1,1,4,4,4,2,2,1,2,2,2,2,1,4,4,2,3,1,3,4,4,4,1,4,1,4,3,3
140,2,3,4,3,1,2,2,1,1,2,1,1,2,4,1,4,4,1,4,2,1,2,4,4,4,4,4,2,2,3,2,3,4,4,1,1,4,3,2,1,3,4,1,4,1,4,3,1,4,1,1,1,1,1,2,2,1,4,3,2
141,2,2,1,4,3,3,3,4,1,1,4,4,1,4,4,2,1,2,3,4,2,3,4,4,3,4,2,2,1,4,3,2,3,3,4,2,1,4,4,3,2,3,2,2,2,4,1,4,4,4,2,1,4,1,1,4,4,3,4,1
142,2,3,2,3,2,3,3,3,3,1,3,4,2,3,3,2,3,2,3,3,3,3,2,1,2,3,2,3,4,4,1,4,1,2,1,4,1,4,2,3,4,3,1,4,4,1,4,1,1,4,4,1,1,4,2,3,2,2,2,3
143,2,4,2,3,2,1,4,2,2,2,4,2,3,2,2,3,3,3,2,1,2,2,2,3,2,3,4,2,1,4,4,1,4,1,4,2,2,3,2,4,3,4,4,2,1,4,4,2,2,1,4,3,4,4,1,4,4,4,1,2
144,3,4,4,4,2,4,2,1,2,2,2,3,3,2,1,2,3,4,3,4,4,4,4,1,4,1,1,1,1,4,4,3,4,1,4,2,3,4,4,1,1,4,2,3,4,1,4,4,3,2,3,4,4,2,4,4,4,4,2,3
145,1,1,4,2,3,4,2,1,3,4,3,4,4,1,3,2,2,3,4,1,4,1,1,2,3,3,2,1,4,4,4,3,4,1,4,3,2,2,1,4,4,1,4,1,3,4,3,3,3,2,1,4,2,2,2,3,4,3,3,4
146,1,1,1,2,3,4,4,3,4,3,3,1,1,1,1,3,3,1,2,1,4,3,3,4,3,2,4,2,1,4,4,3,1,1,1,3,1,2,1,2,1,4,1,1,1,4,1,1,3,1,1,3,1,1,3,2,3,4,2,1
147,4,4,2,3,4,2,2,4,4,1,4,2,2,2,2,3,2,1,2,2,2,3,4,1,4,1,3,4,4,4,4,3,1,1,4,4,1,4,4,4,4,4,1,3,4,1,4,4,4,4,3,1,2,3,4,3,4,3,2,3
148,2,3,4,3,3,1,2,1,2,4,2,3,3,4,3,1,1,3,3,4,1,2,3,2,3,3,2,3,1,4,4,3,4,1,4,2,2,2,1,3,3,4,4,2,1,4,4,4,4,3,1,2,2,1,1,1,4,3,4,1
149,1,2,3,3,3,4,2,3,4,4,2,1,4,1,2,2,3,4,1,4,2,2,1,2,3,3,1,2,2,3,4,3,1,1,4,4,4,2,3,4,4,4,4,4,2,1,3,3,3,3,3,3,2,3,3,3,2,3,3,1
150,2,2,2,3,4,4,2,2,2,3,3,2,2,2,3,3,4,4,2,3,4,1,3,3,3,3,3,2,1,4,1,1,1,2,2,2,1,4,1,3,2,4,1,4,1,2,3,2,1,1,1,4,2,2,2,3,4,4,3,4
151,3,3,3,4,3,4,4,1,2,4,1,1,3,1,2,4,1,2,2,2,2,1,2,3,1,3,1,4,1,4,4,3,4,1,4,2,2,3,1,4,2,4,2,2,4,2,2,4,3,2,2,1,4,4,3,4,2,2,1,4
152,4,4,3,4,4,1,4,4,1,4,4,2,3,3,3,2,1,3,1,3,3,2,4,3,4,2,2,1,3,4,1,2,2,2,2,3,2,1,1,4,4,2,4,4,4,2,2,1,3,3,2,4,3,4,3,4,2,1,2,2
153,4,1,4,1,1,1,1,4,2,2,2,4,3,2,3,4,3,3,3,4,2,1,4,2,2,2,3,2,3,4,1,1,2,1,3,4,1,2,1,3,2,3,3,2,4,4,3,3,3,4,2,1,4,2,2,2,3,4,2,3
154,3,2,3,4,1,1,4,2,3,4,1,4,4,1,4,3,4,4,3,1,2,1,1,4,3,2,4,1,1,4,4,3,4,4,4,3,4,4,2,2,3,2,4,2,2,2,4,4,4,4,1,2,3,4,4,4,1,3,2,3
155,2,2,4,2,2,2,2,3,2,2,4,2,2,4,3,2,4,2,4,3,3,3,2,3,2,3,4,2,2,4,4,3,4,1,4,2,4,2,2,2,2,4,2,2,2,2,4,4,4,4,2,2,3,4,1,4,2,3,4,4
156,2,3,2,1,1,1,3,1,2,1,1,1,4,2,3,4,1,4,3,4,4,1,4,1,4,2,1,4,3,3,4,4,3,4,1,1,4,1,1,4,3,1,3,4,4,2,1,3,3,2,2,1,1,4,3,4,4,3,1,3
157,4,4,2,4,1,2,2,2,3,2,2,3,2,3,4,4,3,1,3,2,2,3,4,4,4,2,2,3,2,1,2,3,4,1,4,1,3,4,2,3,3,3,3,2,2,3,1,3,2,3,4,2,1,2,1,4,1,3,2,1
158,1,4,3,3,3,4,2,1,2,2,3,4,3,2,2,2,2,1,2,2,2,3,2,2,1,2,3,2,1,4,2,3,4,3,2,2,3,4,2,1,4,2,1,1,1,2,1,2,3,2,2,1,2,2,2,3,2,2,1,2
159,2,2,3,4,4,4,2,4,4,4,1,2,4,2,4,2,2,1,4,4,2,2,4,1,2,3,2,2,2,4,4,2,4,1,4,1,4,4,1,3,4,4,4,4,2,2,1,4,1,2,3,3,4,2,4,4,3,2,3,4
160,3,4,2,1,4,4,1,1,3,4,4,2,3,4,4,2,4,1,1,4,2,1,2,2,1,4,4,4,3,4,2,2,2,4,4,3,1,2,4,3,4,3,4,4,1,1,2,2,4,2,1,2,3,4,1,4,2,3,2,1
161,3,1,3,3,2,3,4,2,2,1,1,3,2,1,2,1,3,3,3,2,3,2,3,3,2,1,1,2,3,1,3,4,2,2,3,3,4,3,4,1,3,1,3,1,4,3,3,3,4,4,2,3,2,3,4,3,2,2,2,2
162,2,3,2,3,4,2,2,3,4,3,4,2,1,2,4,4,2,2,1,4,2,3,4,2,1,3,2,3,1,2,3,2,1,4,4,2,2,2,2,1,1,4,4,4,4,3,3,3,2,3,4,3,3,3,2,3,1,3,3,2
163,2,4,1,4,3,4,1,2,1,1,4,2,2,3,4,3,1,4,2,2,2,1,3,4,3,3,4,3,1,4,4,3,1,1,4,1,4,2,3,2,3,4,1,4,4,1,3,4,3,4,3,2,3,3,4,4,1,1,2,3
164,2,3,4,2,1,1,1,3,4,2,1,1,1,4,1,4,3,4,2,1,1,1,3,4,2,1,2,2,3,2,2,3,4,2,1,1,4,1,1,1,1,4,2,3,4,2,3,4,2,3,2,2,3,4,2,3,4,2,2,2
165,4,4,3,4,3,2,1,4,4,3,4,4,4,1,4,3,1,2,3,4,2,1,1,2,2,3,4,1,2,4,2,1,1,3,4,2,3,2,1,4,1,2,4,2,1,4,1,1,4,4,4,1,2,3,4,2,2,4,3,2
166,1,2,3,3,2,3,4,2,3,2,1,4,4,3,4,4,1,1,3,3,4,1,1,2,1,1,4,1,1,4,2,4,4,4,1,4,4,2,3,4,1,4,3,3,3,2,1,4,1,1,1,2,3,4,2,4,2,1,4,4
167,2,3,2,1,4,3,2,3,2,2,2,3,3,2,3,2,2,3,2,3,2,3,1,2,2,3,1,2,1,4,4,4,4,4,1,3,3,2,2,4,4,1,4,4,2,2,2,2,2,3,4,2,3,4,3,4,3,1,1,2
168,1,2,3,2,3,2,2,3,2,3,2,2,2,3,2,3,2,3,2,2,2,3,2,2,2,3,2,2,1,4,2,1,1,1,2,2,2,3,2,1,1,4,2,3,4,1,4,4,4,4,2,1,4,2,3,2,2,1,4,3
169,2,1,2,3,3,4,1,4,2,2,2,1,4,4,1,4,3,3,4,4,1,4,4,2,3,4,2,1,4,3,1,1,3,2,3,1,2,4,1,3,3,1,3,4,2,2,1,2,3,4,2,1,3,3,3,2,1,1,2,2
170,4,3,4,1,2,4,1,4,4,4,2,3,4,4,4,2,3,4,2,2,4,4,4,3,4,2,2,2,1,4,4,3,1,2,2,1,4,4,4,1,4,3,3,4,2,1,3,4,4,4,4,2,1,4,3,4,2,2,2,4
171,3,3,4,1,4,4,1,4,1,1,4,1,3,2,1,2,1,2,1,2,1,4,3,2,2,2,2,3,4,1,2,2,1,3,2,3,4,2,3,3,2,2,2,3,4,1,4,3,1,2,1,2,1,4,4,4,4,2,2,1
172,4,1,3,3,3,3,2,1,2,2,3,3,4,1,2,2,2,2,3,4,3,2,1,2,3,4,3,4,3,4,1,1,2,1,2,3,4,1,1,4,2,3,3,3,2,3,3,3,4,4,1,2,1,1,4,4,2,1,2,2
173,4,1,4,4,3,4,1,1,4,4,1,2,4,3,2,2,3,3,2,2,2,2,1,4,4,1,4,2,2,4,4,3,4,1,4,1,1,4,2,4,2,1,4,3,2,4,4,4,4,4,2,1,2,4,4,4,4,1,3,4
174,4,2,1,2,1,4,2,2,1,2,3,4,2,2,4,4,3,2,2,3,3,2,2,2,2,3,4,2,1,4,1,1,2,2,3,1,4,1,4,2,3,4,2,3,2,2,4,2,1,3,2,3,2,2,2,3,4,2,3,4
175,2,3,4,1,4,4,2,3,3,4,4,1,2,4,2,2,2,2,2,1,3,3,2,1,3,3,4,2,1,4,4,1,4,2,1,4,2,4,2,1,1,2,2,1,3,3,3,4,2,1,4,4,4,2,1,1,1,2,3,4
176,2,1,4,1,4,2,4,4,1,2,3,4,4,4,2,3,4,3,1,1,2,1,4,2,3,3,2,2,4,4,4,3,1,1,4,1,4,4,1,1,2,3,4,4,4,4,1,3,4,4,1,1,1,3,4,4,4,1,3,4
177,3,2,1,3,3,4,4,4,4,1,4,1,4,2,1,2,2,1,3,2,2,4,2,3,4,2,1,2,1,1,4,3,4,1,2,2,2,3,2,1,3,4,4,4,1,1,3,4,4,4,4,3,3,3,4,4,1,4,2,1
178,1,2,3,2,3,2,2,3,2,3,2,2,2,3,2,3,2,3,2,2,2,3,2,2,2,3,2,2,1,4,2,1,1,1,2,2,2,3,2,1,1,4,2,3,4,1,4,4,4,4,2,1,4,2,3,2,2,1,4,3
179,4,2,2,3,2,2,3,4,2,2,1,2,2,2,2,3,3,2,2,3,2,2,2,2,1,2,1,2,3,2,2,1,2,3,2,3,4,1,3,3,2,1,2,2,3,2,3,3,2,2,3,2,3,4,4,3,3,2,2,3
180,3,4,3,4,2,3,4,1,2,1,4,2,1,4,2,3,2,1,3,3,4,2,3,4,4,4,4,1,1,4,4,3,4,1,4,4,1,4,2,3,1,1,4,4,1,1,2,3,3,2,2,3,4,4,2,2,1,4,2,2
181,1,4,3,3,4,2,2,3,3,3,4,1,3,2,3,4,4,2,4,1,2,1,2,1,3,2,4,3,4,4,2,3,1,3,4,1,3,3,2,1,4,1,2,1,1,2,2,2,3,2,4,1,2,3,3,2,4,3,4,4
182,2,3,2,1,2,3,2,3,4,2,3,3,4,3,1,2,3,2,2,2,3,2,2,2,3,2,2,2,1,4,4,3,4,2,2,2,4,2,2,2,2,3,4,2,1,3,2,2,2,3,1,1,1,1,4,2,3,3,2,4
183,2,2,1,1,2,1,4,2,1,2,2,1,1,3,1,3,2,3,3,2,3,3,2,3,2,2,2,2,1,4,3,4,1,4,2,1,3,2,4,2,3,1,2,1,4,2,2,3,3,3,4,2,1,1,3,4,2,3,2,3
184,4,4,1,1,4,4,2,3,4,3,4,1,4,1,1,4,1,4,2,2,3,4,1,2,2,3,4,2,2,4,1,2,1,2,4,2,3,2,2,2,3,2,2,2,2,2,3,4,2,2,2,2,3,3,2,3,1,2,1,2
185,4,4,2,3,3,3,4,1,4,1,1,4,4,4,3,4,4,1,2,1,4,1,4,4,2,3,2,2,3,1,4,2,2,2,2,1,2,2,1,4,4,4,1,3,4,2,3,3,1,4,2,2,1,1,4,2,1,4,3,2
186,2,4,4,2,2,3,2,4,2,1,1,4,2,2,2,1,2,4,4,2,2,2,4,2,3,4,4,4,4,4,3,4,2,2,4,3,2,2,2,4,2,4,2,2,4,4,4,4,2,4,4,1,4,2,1,4,4,2,2,2
187,1,4,4,1,4,3,3,3,4,4,3,1,1,1,4,1,3,3,4,4,3,1,1,1,3,4,1,4,4,4,2,1,3,3,3,1,1,4,1,3,3,3,4,2,2,1,3,4,4,4,3,3,4,2,1,1,1,1,4,3
188,4,3,4,4,4,1,2,2,1,2,1,4,2,2,1,4,4,1,2,4,4,2,2,2,3,3,2,1,1,4,1,3,1,4,4,4,4,2,3,4,1,4,4,4,1,4,4,2,2,1,1,4,4,4,4,1,1,2,1,3
189,4,4,1,4,2,2,3,4,1,2,4,2,3,4,2,2,2,4,2,3,2,3,2,3,2,2,4,2,1,4,2,3,4,4,2,2,3,3,2,3,4,4,3,2,2,1,1,4,2,1,2,4,3,2,4,4,3,4,1,4
190,1,2,2,2,1,2,3,3,3,3,2,2,3,2,3,3,2,2,1,2,3,2,3,4,4,1,4,2,1,4,2,1,3,2,4,4,3,4,1,4,3,3,3,4,2,3,4,3,4,4,1,2,1,1,4,4,4,2,1,2
191,4,4,4,2,2,4,4,4,4,4,1,2,4,4,2,4,4,2,3,2,2,2,2,4,2,4,2,4,4,2,3,2,2,1,4,2,4,4,2,3,2,4,4,4,4,1,3,2,2,2,4,4,2,2,4,4,4,2,2,2
192,3,3,3,4,4,1,4,3,4,1,3,2,4,4,2,2,2,2,2,1,4,1,4,4,4,1,1,4,1,4,4,3,4,1,4,3,4,2,2,3,4,4,2,2,1,4,2,2,3,3,2,1,3,2,2,1,2,3,2,3
193,4,3,4,1,3,2,1,1,4,2,3,4,3,3,3,3,3,3,2,3,2,3,2,2,3,3,2,2,1,4,1,1,3,3,3,1,1,4,4,4,1,2,4,2,3,4,3,4,1,1,4,2,1,1,3,2,1,3,4,4
194,1,2,1,4,2,3,2,2,1,4,1,1,4,3,3,4,1,1,1,1,3,4,2,1,1,3,3,1,4,1,4,3,1,2,2,1,4,4,1,1,1,2,1,4,4,1,4,3,3,3,2,3,3,3,3,2,2,2,3,2
195,1,1,2,3,4,1,1,1,4,3,1,2,3,2,2,2,3,2,2,3,3,3,3,2,3,4,4,2,1,4,4,1,2,4,1,2,1,1,2,3,3,1,1,3,4,2,2,3,4,2,2,3,1,3,3,1,2,1,1,1
196,1,1,2,3,1,3,1,3,3,4,2,4,4,1,2,1,3,3,4,1,4,4,3,4,4,1,2,4,4,2,1,1,4,2,1,4,4,3,4,4,1,4,2,3,4,4,2,3,2,3,4,3,4,4,4,1,2,1,2,1
197,2,1,3,4,4,2,3,4,1,1,4,4,4,4,1,1,1,3,2,1,2,2,1,2,2,3,3,2,1,2,1,4,2,2,2,3,4,1,2,2,4,1,4,1,1,4,3,3,3,1,1,3,2,3,4,2,2,3,2,2
198,1,4,4,1,4,1,4,1,1,1,3,3,1,1,1,1,3,3,3,1,3,3,1,3,3,3,3,1,1,4,4,3,3,2,3,3,1,1,3,1,3,1,2,1,1,1,2,3,1,4,3,1,3,1,3,3,1,3,2,1
199,3,2,3,3,1,4,4,1,4,4,3,3,3,3,4,3,2,3,2,3,3,2,2,2,3,3,3,3,1,4,4,1,3,2,1,1,3,2,3,2,2,2,2,1,3,2,2,1,4,1,2,2,3,1,2,3,2,3,4,2
200,1,2,3,1,2,2,3,4,1,2,3,2,1,4,4,1,1,3,2,4,4,2,3,2,3,4,4,1,1,4,4,3,4,1,4,2,1,2,2,1,4,2,4,2,3,2,2,3,3,5,4,4,1,1,4,2,2,3,2,2
201,3,2,2,1,1,2,1,3,4,4,1,4,4,1,1,1,2,4,2,1,1,2,1,4,1,1,1,3,2,2,4,3,4,1,4,3,4,4,1,3,4,2,2,4,3,2,3,2,2,2,2,3,1,4,4,2,4,4,4,4
202,4,2,2,1,2,1,4,2,2,2,1,4,3,3,3,3,3,2,3,2,3,4,1,2,2,2,1,3,1,4,3,2,3,3,4,2,4,2,2,2,2,1,4,4,1,4,3,2,3,3,2,1,4,3,4,3,4,3,4,1
203,1,4,1,1,4,2,2,4,4,1,1,4,3,4,4,3,4,1,1,4,1,2,4,2,1,2,2,3,4,2,4,4,4,1,2,1,3,4,1,3,2,1,3,2,2,3,1,2,2,2,4,1,4,1,3,4,4,3,4,4
204,1,1,2,2,3,1,4,1,4,4,2,2,1,1,4,4,3,3,2,1,1,4,3,3,3,1,2,2,2,1,3,2,3,2,2,1,4,3,1,4,2,2,3,1,4,2,1,1,3,1,3,3,3,4,2,1,1,2,1,3
205,1,3,1,3,4,1,4,4,1,1,4,1,1,1,3,2,1,1,4,1,3,3,2,3,3,1,2,3,4,1,3,1,1,1,2,3,2,1,1,4,4,1,4,4,2,1,4,1,4,1,2,2,2,4,3,4,2,3,4,1
206,1,4,2,4,4,2,3,4,4,2,1,3,1,2,2,3,3,2,2,2,1,2,3,2,1,2,4,4,1,4,4,2,2,1,3,2,2,1,4,4,2,2,3,3,4,3,3,3,4,1,4,2,4,4,4,4,2,4,1,4
207,1,1,3,1,3,2,1,1,2,4,3,1,1,3,1,4,3,3,2,3,4,4,1,1,2,3,1,1,1,4,4,3,1,1,4,4,2,1,3,3,1,2,3,3,3,1,3,3,3,4,2,3,2,3,2,2,3,4,4,1
208,4,1,1,4,4,2,3,3,4,1,4,4,2,2,3,4,4,1,4,3,3,3,4,1,4,1,2,2,1,4,2,2,3,4,4,2,2,1,1,2,1,3,1,1,2,1,1,4,1,2,2,3,2,1,3,2,3,2,3,3
209,2,2,2,2,3,1,4,1,3,4,1,1,4,3,2,3,2,2,1,3,4,1,4,2,3,1,2,1,1,4,4,4,2,2,3,4,4,3,4,3,1,3,2,2,1,4,4,3,4,1,3,2,3,1,4,3,1,1,3,3
210,4,2,3,2,3,2,1,2,1,4,2,2,3,3,2,3,2,3,2,2,2,2,1,2,2,2,4,2,1,4,1,1,4,4,1,4,1,1,3,1,1,4,1,1,3,4,1,1,1,1,4,4,3,2,1,3,1,4,1,1
211,1,3,4,2,2,2,2,2,1,3,4,4,1,4,4,1,2,3,4,3,4,3,4,1,3,2,3,2,2,1,3,2,2,3,4,4,4,1,1,4,4,4,4,4,2,3,2,1,3,3,2,1,2,1,4,1,4,1,4,1
212,1,3,3,2,2,1,1,1,1,1,3,4,2,3,3,3,2,3,3,3,2,2,2,2,2,3,4,2,1,4,4,3,4,1,4,1,1,4,1,3,4,1,2,1,4,1,4,4,1,1,4,1,1,4,3,1,4,1,4,1
213,2,4,2,3,2,1,4,2,2,2,4,2,3,2,2,3,3,3,2,1,2,2,2,3,2,3,4,2,1,4,4,1,4,1,4,2,2,3,2,4,3,4,4,2,1,4,4,2,2,1,4,3,4,4,1,4,4,4,1,2
214,4,2,1,4,1,4,4,2,1,4,3,4,4,4,4,4,3,4,4,4,2,1,4,2,1,3,3,3,1,2,1,4,1,1,1,1,3,2,3,4,3,4,1,3,4,1,4,1,2,1,2,2,1,2,1,1,1,1,2,2
215,1,3,3,1,1,3,3,3,2,3,1,1,3,3,3,2,3,3,3,3,3,3,3,3,2,2,2,3,1,4,1,1,2,3,4,3,3,1,2,3,1,1,1,2,3,4,1,4,3,2,1,4,1,1,4,3,3,3,1,2
216,2,3,2,3,1,2,3,1,1,1,1,1,3,1,3,1,1,1,1,1,3,3,1,4,2,3,4,4,4,2,4,3,4,4,3,1,4,3,4,2,1,3,4,4,2,3,4,3,2,1,3,2,2,2,1,4,3,3,1,2
217,2,2,2,1,4,4,1,4,4,4,4,3,4,4,1,2,2,2,1,2,1,4,2,2,2,1,4,4,4,1,4,4,2,2,4,1,1,1,4,2,4,2,4,4,4,2,4,4,4,2,1,4,4,2,1,4,1,4,4,2
218,2,3,3,2,3,2,3,2,2,4,4,3,2,3,4,3,2,3,2,2,4,4,3,1,3,2,1,2,1,4,4,1,1,1,1,4,2,1,2,1,4,3,4,2,1,4,1,4,2,4,2,3,3,4,3,1,2,1,2,1
219,3,3,2,2,3,2,3,3,3,3,1,2,2,1,1,4,4,1,2,2,2,4,2,2,1,1,2,1,3,4,4,3,1,4,4,3,4,3,3,3,3,4,4,2,3,2,4,1,4,4,2,2,4,2,2,1,3,2,2,3
220,2,3,3,2,2,1,4,3,4,2,2,3,4,4,4,2,3,3,2,1,2,2,2,2,3,4,1,1,2,1,3,2,1,4,2,4,1,4,1,2,3,3,2,1,3,3,4,2,2,2,4,3,4,1,2,2,3,1,4,4
221,3,3,4,3,1,1,3,2,3,4,1,4,1,1,4,1,4,4,1,4,1,1,4,3,1,3,1,4,4,4,1,2,2,3,3,3,2,2,3,4,1,2,1,3,4,1,4,4,4,4,1,4,3,2,2,1,1,3,2,3
222,3,1,3,4,3,4,1,4,4,1,2,4,2,1,4,1,3,4,3,2,3,4,4,3,1,1,3,4,1,4,4,3,1,1,3,4,3,2,3,2,3,3,3,3,3,2,2,3,3,4,3,2,3,3,3,4,1,4,3,4
223,1,2,1,2,3,4,1,1,3,4,2,3,4,1,4,1,3,2,1,4,4,1,4,2,1,4,4,1,1,3,4,1,3,4,2,2,1,3,3,1,4,4,2,3,2,1,1,4,1,1,4,1,1,4,1,3,4,4,1,4
224,4,1,1,4,3,2,1,3,2,3,2,1,4,1,1,1,3,4,3,3,3,4,1,2,2,3,2,2,1,4,4,3,1,1,4,1,3,4,2,3,3,2,3,2,3,2,3,4,1,2,1,3,1,4,2,3,3,3,2,2
225,1,1,4,4,1,2,1,2,4,4,4,2,1,4,2,1,4,1,2,1,4,3,4,4,3,2,1,4,3,2,2,3,3,3,2,3,3,4,4,2,3,2,3,4,2,3,4,1,2,1,2,3,2,4,1,4,2,2,2,1
226,2,1,4,2,3,4,4,2,2,3,3,3,4,1,2,1,2,2,3,1,2,2,1,4,4,1,4,3,3,3,4,3,1,1,4,2,3,2,3,3,4,4,4,4,1,1,3,4,4,4,3,4,2,4,2,1,3,2,1,4
227,1,4,2,3,2,4,4,2,2,2,1,4,2,3,3,4,4,2,3,2,1,4,2,2,2,4,1,2,1,2,1,4,2,2,3,4,2,3,2,1,4,2,2,2,1,4,3,3,2,1,4,2,3,2,4,4,2,3,2,1
228,1,3,2,1,1,2,1,1,3,4,3,2,4,2,2,1,1,1,4,2,2,2,1,3,4,4,3,4,4,3,3,1,2,3,2,3,4,3,4,3,3,3,4,2,3,4,4,3,4,3,3,4,4,3,4,1,4,1,4,4
229,2,2,1,1,3,4,4,1,1,4,2,1,4,2,3,4,4,2,3,3,2,1,2,3,4,2,3,2,1,4,4,3,1,1,2,1,1,3,3,3,1,1,1,4,3,1,1,2,1,3,3,1,1,2,3,3,1,3,3,4
230,1,2,1,1,1,4,1,1,3,4,4,1,1,1,1,4,3,2,1,4,1,4,4,4,1,3,4,1,1,2,3,3,4,1,2,1,4,3,3,3,3,3,4,4,3,4,4,2,1,2,4,4,3,1,1,2,1,4,2,2
231,4,4,4,2,2,3,4,4,2,2,2,2,2,2,2,1,3,2,3,2,3,4,3,2,3,3,4,2,1,4,4,1,2,1,1,3,4,2,2,4,3,2,3,3,2,3,4,3,2,3,2,4,3,4,4,4,4,2,1,3
232,1,4,1,3,4,2,3,3,3,2,2,3,1,1,4,2,2,1,4,1,4,4,1,1,4,3,4,3,4,1,4,2,2,2,1,1,1,4,4,1,2,2,2,3,3,4,1,3,2,1,1,3,3,2,3,4,1,1,3,3
233,2,2,1,4,2,2,3,2,3,2,3,2,1,3,4,2,3,3,3,3,4,4,2,2,1,4,1,2,1,4,4,3,1,1,4,4,4,2,2,1,2,2,2,2,1,4,4,2,3,1,3,4,4,4,1,4,1,4,3,3
234,2,1,4,2,3,4,4,2,1,3,1,3,4,1,2,1,2,2,3,1,3,2,1,4,4,1,4,3,3,3,4,3,1,1,4,2,3,2,3,3,4,4,4,3,1,1,3,4,4,4,3,4,2,4,2,3,3,2,1,4
235,4,4,1,2,4,1,2,4,3,2,2,3,4,2,4,4,4,4,2,4,1,4,2,3,4,2,1,4,1,4,4,2,3,4,2,4,4,4,1,4,4,1,4,2,3,4,4,4,2,2,4,4,2,3,2,4,2,4,4,1
236,4,3,1,4,3,3,3,2,1,4,1,1,4,1,1,4,3,1,3,3,4,4,3,1,4,2,1,4,1,2,3,4,3,4,2,2,3,2,3,4,1,1,4,2,1,4,3,2,1,3,1,4,1,3,4,2,2,1,1,3
237,1,4,2,2,3,4,4,4,2,3,4,1,2,2,2,2,1,2,4,3,2,3,4,4,2,2,1,2,1,4,4,2,2,2,4,2,4,3,4,2,3,4,2,2,2,2,4,4,1,1,4,3,2,3,1,3,4,2,4,3
238,3,2,1,3,2,3,1,1,1,3,2,1,3,1,4,4,2,1,1,4,2,3,2,1,4,2,2,1,3,1,4,4,2,1,4,4,4,3,1,3,1,3,3,3,3,2,1,4,1,4,1,4,4,1,2,3,4,4,3,3
239,1,4,1,1,4,4,2,3,2,3,4,2,4,2,4,1,2,4,2,2,1,1,4,2,3,4,4,1,2,1,1,4,4,2,2,2,1,4,1,3,3,2,1,2,4,1,2,2,3,4,4,3,2,2,3,4,4,3,2,4
240,4,2,3,4,1,2,3,2,2,1,2,1,1,2,2,1,4,4,1,4,3,2,3,3,3,3,2,1,2,3,1,3,1,3,1,1,3,3,3,2,1,1,4,1,1,3,3,2,3,1,3,1,4,1,1,4,3,1,4,1
241,2,4,2,1,2,1,2,4,4,4,4,4,4,2,1,2,1,4,2,4,2,2,3,2,2,2,3,2,4,2,4,1,4,2,2,4,4,3,4,2,4,1,1,1,4,4,4,4,2,2,4,2,2,3,4,2,4,4,3,4
242,2,3,2,4,4,4,2,3,2,1,3,3,2,3,2,3,3,2,2,3,3,3,2,3,2,2,1,2,1,4,3,3,4,2,3,4,2,3,4,1,2,1,2,4,2,2,4,1,2,2,4,2,2,3,4,2,3,4,2,3
243,2,4,1,2,3,3,2,2,2,2,1,2,2,2,2,1,4,4,2,4,3,4,4,3,1,3,3,2,1,4,4,3,4,2,1,2,4,2,1,2,1,4,4,2,2,4,2,2,2,3,2,4,3,4,4,2,2,2,2,4
244,4,2,3,4,1,3,1,1,1,4,2,3,4,2,2,3,4,2,2,3,4,3,3,4,2,2,1,1,1,4,4,3,1,3,3,1,3,4,2,1,1,1,1,4,1,1,3,1,4,1,1,1,1,1,1,1,4,1,4,3
245,4,2,1,2,1,4,2,2,1,2,3,4,2,2,4,4,3,2,2,3,3,2,2,2,2,3,4,2,1,4,1,1,2,3,3,1,4,1,4,2,3,4,2,3,2,2,1,2,1,3,2,3,2,2,2,3,4,2,3,4
246,1,2,3,3,2,1,4,3,4,4,1,4,4,1,1,1,2,1,1,2,3,4,1,1,4,1,3,4,1,4,4,3,4,4,1,1,1,3,1,1,2,1,4,1,3,2,1,3,1,4,1,1,3,4,1,4,1,1,4,2
247,2,2,4,2,2,2,3,2,1,4,1,4,1,4,2,1,4,2,2,3,2,2,2,4,1,4,1,2,1,4,4,3,1,1,4,4,4,2,4,2,1,4,2,4,3,4,4,4,4,4,1,2,2,2,4,3,4,2,3,2
248,1,1,4,4,3,2,2,2,4,4,1,4,1,4,2,3,4,1,4,2,1,4,3,2,1,1,4,1,3,4,4,3,4,4,4,4,2,2,2,1,4,4,3,2,3,3,4,4,4,1,4,1,2,4,4,4,2,1,4,4
249,2,4,2,2,3,2,1,4,4,1,1,2,2,3,2,4,3,2,3,2,2,2,2,1,2,2,3,1,1,4,4,4,2,3,4,2,2,3,3,3,2,1,1,3,4,1,2,4,3,3,3,1,3,3,4,2,4,2,2,1
250,3,1,1,3,3,3,3,2,1,3,2,1,1,1,3,3,1,3,3,2,2,3,3,3,3,3,4,3,1,4,2,3,2,4,1,3,4,1,1,2,3,3,2,4,4,4,1,3,4,1,1,4,4,4,1,1,4,4,2,3
251,3,3,4,2,2,2,1,1,1,1,2,1,3,2,3,4,4,2,1,1,1,4,3,3,4,1,1,3,3,4,2,3,3,2,2,1,1,1,1,4,3,3,2,1,2,1,3,3,3,1,3,2,1,4,1,1,4,4,1,2
252,3,3,2,4,2,4,1,4,3,4,3,4,1,4,1,4,4,4,1,1,4,2,4,2,2,4,2,4,4,2,2,3,4,3,1,3,3,3,2,3,1,4,1,2,2,3,4,2,2,2,3,3,2,4,2,2,3,4,4,3
253,3,1,4,3,1,1,1,1,1,2,1,2,2,1,2,3,3,1,2,3,1,1,1,3,1,4,2,3,4,1,3,3,3,4,2,3,1,1,1,4,2,1,4,1,2,2,3,2,1,3,3,2,2,1,3,3,3,1,1,4
254,3,3,1,3,4,2,3,3,3,2,2,3,3,3,1,3,2,2,2,3,2,3,4,3,1,3,1,2,1,4,4,1,4,1,2,1,4,1,2,2,1,1,2,3,1,4,1,1,4,1,3,4,1,4,1,1,4,3,2,3
255,4,2,3,4,1,4,4,1,3,4,1,1,4,1,1,3,4,4,1,1,4,1,4,1,3,3,1,2,4,1,3,2,1,3,3,4,2,3,4,3,2,3,2,2,1,1,2,2,3,3,2,1,2,2,1,4,3,4,4,1
256,3,4,1,2,2,3,4,1,3,2,3,2,3,1,2,3,2,3,2,2,2,2,2,3,4,4,2,2,1,4,2,3,4,1,4,4,1,4,4,1,4,1,1,2,2,2,4,4,2,2,3,3,2,3,4,4,1,1,2,2
257,3,1,2,1,4,2,2,1,2,2,1,3,4,1,4,1,1,4,4,1,2,1,2,3,2,4,2,3,4,2,2,3,4,4,4,3,4,2,4,1,2,3,4,2,1,2,1,4,2,1,4,3,3,2,2,1,2,1,4,4
258,3,3,2,2,3,1,3,3,2,3,3,2,2,1,2,1,3,2,2,3,2,3,2,2,1,4,2,1,2,2,3,3,3,3,4,3,3,3,2,2,3,4,1,2,3,3,3,3,3,1,1,3,1,1,3,3,4,2,2,1
259,4,4,4,2,4,4,4,4,2,3,4,1,2,2,4,1,4,4,4,4,4,3,4,4,4,4,2,2,1,4,4,3,3,2,3,2,1,2,1,2,2,2,3,2,2,1,4,3,4,4,1,3,4,1,3,3,4,4,2,3
260,2,2,3,4,2,2,2,2,2,4,4,2,2,2,2,2,3,3,2,3,2,3,3,3,2,3,4,2,1,4,1,2,1,1,1,2,3,4,4,3,2,1,1,4,3,4,3,4,1,4,4,4,2,1,3,2,1,4,2,2
261,2,3,2,2,2,2,1,2,2,2,1,2,2,3,4,3,2,2,1,2,2,2,4,2,2,2,4,2,1,4,1,3,2,4,2,3,3,2,2,3,4,4,1,4,2,2,1,4,4,2,1,1,4,1,1,2,3,2,2,1
262,2,1,4,1,4,4,4,4,2,2,3,2,2,2,4,4,1,2,2,3,2,2,4,4,4,4,2,3,2,2,1,1,4,4,3,4,3,3,2,2,3,4,4,1,2,2,1,1,1,4,4,4,4,4,1,1,4,2,1,4
263,4,2,1,2,1,4,2,2,1,2,3,4,2,2,4,4,3,2,2,3,3,2,2,2,2,3,4,2,1,4,1,1,3,2,3,1,4,1,4,2,3,4,2,3,2,2,4,2,1,3,2,3,2,2,2,3,4,2,3,4
264,4,2,2,3,2,4,4,1,2,3,3,4,4,1,1,1,2,4,3,2,2,4,4,4,3,3,1,2,1,4,4,3,4,1,4,1,4,2,4,4,1,4,4,4,2,1,4,2,3,2,1,4,4,4,4,4,1,3,3,4
265,4,1,1,4,1,1,4,1,4,1,2,4,4,3,3,4,1,4,3,3,3,1,1,4,2,2,1,1,3,2,2,1,3,2,1,2,3,4,1,3,4,1,3,4,1,2,2,3,4,4,1,4,4,2,2,1,3,2,4,2
266,4,4,4,2,3,2,3,2,2,3,4,1,2,1,2,1,2,3,2,3,2,2,2,2,2,3,4,2,1,4,1,4,4,3,2,2,1,4,4,4,4,1,2,2,2,1,1,2,1,4,2,2,2,2,1,4,2,1,1,4
267,1,2,2,3,2,3,1,1,1,1,2,3,1,1,2,2,3,4,2,2,3,2,3,2,1,4,3,3,2,3,4,1,1,3,2,2,1,4,1,2,1,4,1,1,3,2,1,1,3,2,2,3,2,1,4,2,3,4,3,4
268,3,1,3,4,3,2,3,2,2,1,4,1,3,4,1,3,3,4,1,4,2,1,1,1,3,4,4,4,2,3,2,2,2,1,4,2,3,2,1,1,4,4,4,3,2,2,2,4,4,4,3,3,3,4,1,4,3,2,2,1
269,3,1,4,1,4,2,1,1,4,4,4,3,3,2,1,2,3,4,3,3,2,2,3,4,1,1,1,3,2,1,1,4,1,2,2,1,3,2,2,3,3,4,4,4,1,2,2,1,3,4,2,2,3,4,2,2,3,3,3,4
270,4,2,2,2,1,3,3,2,2,3,4,2,3,2,1,2,2,3,4,2,3,4,4,4,4,1,1,2,1,3,4,3,4,4,4,2,4,2,1,4,1,2,2,3,4,4,3,2,2,1,1,2,1,3,2,3,1,3,4,1
271,4,4,1,3,3,3,1,1,1,1,3,1,3,3,1,3,4,3,3,4,1,1,3,3,4,4,2,3,3,2,3,2,1,2,3,2,3,3,3,3,3,2,2,2,2,3,3,3,3,1,2,3,3,1,4,1,1,2,1,3
272,2,3,3,1,3,1,1,2,1,3,2,1,2,1,3,3,3,1,1,1,1,4,2,1,3,2,3,2,1,4,4,3,1,1,2,3,1,3,1,3,3,3,3,4,1,1,3,3,3,3,3,3,1,1,1,1,1,1,4,3
273,1,1,1,4,2,3,1,3,4,2,1,1,3,4,3,2,3,3,2,3,3,3,3,3,3,4,1,1,1,4,4,1,3,1,3,1,1,3,3,4,1,2,1,2,3,4,4,2,1,1,1,1,2,1,1,3,4,2,1,4
274,2,2,2,1,1,4,2,4,4,4,1,3,4,3,4,4,1,4,4,4,2,1,3,4,4,4,2,2,2,2,2,2,3,4,1,4,1,3,2,1,1,4,3,1,2,4,4,4,4,1,4,3,2,1,2,3,4,3,4,2
275,4,4,4,1,2,3,2,3,4,1,2,2,1,3,2,3,4,3,3,2,2,2,1,2,1,3,3,2,1,4,2,1,1,4,3,3,2,1,3,3,2,2,3,4,1,4,4,4,2,3,2,2,2,1,4,1,4,1,4,3
276,1,4,3,1,1,2,4,2,2,3,2,2,2,2,2,2,1,4,4,2,3,4,4,3,4,1,1,1,1,1,4,1,1,3,4,1,4,4,1,1,4,2,3,4,2,3,4,1,3,4,1,4,4,3,2,3,3,2,1,1
277,3,1,1,3,2,4,3,3,4,1,3,3,2,2,2,3,3,2,2,2,3,2,2,2,3,2,1,2,1,4,1,1,1,4,2,1,3,2,2,2,3,4,4,1,4,1,1,2,1,4,2,2,3,4,4,1,4,4,1,4
278,4,2,3,1,2,2,2,2,2,3,4,2,4,1,4,4,4,1,4,2,3,2,2,1,3,2,3,3,2,4,4,3,1,4,4,2,2,3,4,4,4,4,1,3,4,1,4,3,4,4,2,1,4,4,3,4,2,3,4,2
279,3,4,4,1,2,4,2,3,2,1,2,2,3,1,4,2,3,4,2,1,1,3,4,4,2,3,1,2,1,4,4,3,1,1,4,2,4,2,2,2,2,3,1,1,1,1,3,2,2,2,3,3,3,4,4,4,2,1,2,1
280,4,2,2,1,2,3,3,2,1,4,2,1,1,4,3,3,2,1,3,3,2,2,3,4,1,4,4,4,2,3,2,2,2,1,4,1,4,1,4,3,4,4,4,4,2,3,4,4,3,3,4,2,2,1,4,3,2,1,4,1
281,1,3,2,3,2,1,2,3,2,3,2,3,2,2,2,3,4,2,3,3,3,3,1,2,2,2,3,3,1,4,4,4,3,4,1,3,3,2,3,4,4,4,4,4,2,2,2,1,2,3,3,4,3,2,3,4,3,1,1,3
282,1,2,3,3,3,4,4,4,3,1,2,3,4,2,4,1,2,2,3,2,1,1,2,3,1,3,3,4,3,4,4,3,4,1,4,2,3,4,2,2,3,4,4,4,3,1,4,4,4,4,4,2,2,3,4,1,4,3,3,4
283,2,2,2,1,2,3,2,3,4,1,2,3,4,3,4,2,2,2,3,2,3,4,2,2,2,3,4,2,1,4,4,1,4,1,4,3,1,3,4,1,2,2,3,4,2,4,4,2,4,2,3,4,4,4,1,4,1,1,4,3
284,2,1,4,2,3,4,4,2,2,1,3,3,4,1,2,1,2,2,3,1,2,2,1,4,4,1,4,3,3,3,4,3,1,1,4,3,3,2,3,3,4,4,4,4,1,1,3,4,4,4,3,4,2,4,4,4,3,2,1,4
285,1,2,4,3,3,3,2,1,3,4,1,1,4,3,3,3,1,3,3,3,3,4,2,2,3,3,2,2,1,4,2,3,3,2,2,1,3,1,3,3,4,4,1,3,3,2,3,3,1,2,2,1,1,3,4,3,1,2,3,4
286,2,1,4,4,4,1,2,3,2,1,4,4,2,1,4,1,1,3,3,2,1,1,3,2,3,2,2,4,1,4,4,3,1,4,1,3,3,3,2,2,3,2,4,4,1,4,3,2,3,1,3,3,3,3,3,2,2,2,1,2
287,1,3,3,2,2,2,3,1,2,4,4,1,1,1,2,3,1,4,2,1,1,3,4,4,4,3,2,3,2,2,3,4,4,2,2,1,3,2,3,4,4,1,3,2,3,2,4,3,4,4,1,1,4,4,4,1,4,2,2,3
288,2,3,2,2,2,3,4,1,3,4,2,2,2,3,2,1,4,1,1,3,2,3,2,2,2,2,1,2,1,4,4,2,2,4,2,2,3,4,1,3,2,3,3,3,4,1,2,1,1,2,3,3,4,1,1,4,1,1,1,3
289,2,4,2,3,2,2,1,1,2,3,2,3,1,2,2,4,2,3,4,2,3,1,2,2,1,1,3,4,1,4,4,3,3,2,2,3,4,1,4,4,3,2,1,2,1,4,3,4,3,3,3,3,2,2,1,1,4,3,2,3
290,4,4,1,1,4,1,4,4,4,1,1,3,2,2,2,1,3,2,1,1,1,4,3,2,1,4,2,2,4,3,4,3,4,4,4,4,3,2,3,4,2,1,1,3,4,4,3,4,1,1,3,4,2,2,1,1,1,4,1,3
291,2,2,2,4,4,4,2,1,4,2,3,2,2,2,4,2,3,1,2,4,4,1,2,1,2,2,3,2,1,4,4,3,4,1,4,2,4,2,3,4,4,4,2,2,4,4,4,2,2,2,2,4,4,2,2,3,2,2,4,2
292,2,1,1,1,4,3,2,3,1,3,3,3,3,1,3,3,3,3,2,1,3,2,3,3,1,1,3,3,1,4,4,3,3,3,3,3,4,3,1,3,4,1,1,3,1,3,4,2,1,1,4,1,1,4,4,2,1,3,2,2
293,2,3,4,4,4,1,1,4,3,4,2,3,4,3,4,1,1,1,3,1,4,1,3,1,2,2,1,4,4,4,2,2,1,2,4,3,4,2,3,1,2,4,1,4,4,1,2,2,1,4,4,4,2,1,3,2,1,4,2,3
294,2,4,2,3,2,1,4,2,2,2,4,2,3,2,2,3,3,3,2,1,2,2,2,3,2,3,4,2,1,4,4,1,4,1,4,2,2,3,2,4,3,4,4,2,1,4,4,2,2,1,4,3,4,4,1,4,4,4,1,2
295,1,4,3,4,3,4,1,2,3,3,2,1,2,2,4,1,1,4,1,2,2,1,4,1,2,2,4,2,1,4,4,3,1,4,4,3,3,1,3,2,3,2,3,4,1,3,2,2,2,3,1,2,2,4,1,4,4,3,2,2
296,1,4,1,3,2,1,4,3,1,1,1,4,1,1,2,4,3,4,4,3,2,1,4,1,4,3,1,4,1,1,2,2,2,2,3,4,1,1,4,3,1,3,3,3,3,3,3,1,1,3,2,2,3,1,2,2,3,2,1,1
297,2,1,1,4,4,3,4,1,4,2,3,2,2,2,2,3,2,2,2,3,2,2,1,1,1,1,2,2,1,4,1,2,3,2,1,4,3,4,3,3,2,3,2,2,1,4,2,1,4,2,4,1,4,2,4,3,4,2,2,2
298,2,1,4,4,2,3,4,4,4,4,2,1,4,2,1,3,2,4,1,1,2,2,1,4,1,4,4,1,4,3,4,3,1,2,4,2,2,3,4,4,4,2,2,1,4,1,3,4,4,3,4,3,1,4,2,3,4,4,4,1
299,2,3,2,2,2,3,1,1,4,2,2,4,4,4,4,4,2,2,3,3,4,1,4,3,2,3,3,4,2,1,4,1,4,2,2,1,4,2,2,2,3,2,2,1,2,2,2,2,1,3,2,2,2,1,3,2,2,2,1,2
300,3,4,1,4,1,4,2,2,3,2,3,4,1,4,2,4,2,3,3,2,3,3,4,2,1,2,3,3,2,1,3,4,2,3,4,4,4,2,3,4,4,3,3,3,4,2,1,2,1,2,2,2,2,4,3,2,3,3,3,4
301,2,3,4,4,3,4,3,4,1,1,3,4,4,2,1,3,3,2,3,2,3,3,3,3,3,3,4,2,1,4,1,2,1,4,1,4,4,1,4,2,3,4,1,1,2,2,4,2,4,1,4,4,3,4,4,2,2,1,2,2
302,1,4,3,2,2,2,4,3,1,4,3,3,2,2,3,3,2,3,2,1,2,3,2,3,4,1,3,4,2,1,3,3,3,1,3,2,1,3,3,2,3,1,1,1,2,2,2,1,4,1,2,3,3,3,2,1,2,1,3,1
303,1,1,1,2,2,2,4,2,2,3,2,2,2,1,4,4,3,3,3,1,1,4,2,4,1,3,3,2,3,2,1,3,4,2,2,3,2,1,4,2,2,3,2,2,2,1,4,3,1,4,2,3,4,4,4,1,3,3,1,4
304,1,1,1,2,1,3,1,2,1,3,3,4,2,2,1,1,4,4,2,3,1,3,3,2,2,3,1,3,4,3,2,1,3,2,3,4,4,1,2,1,2,1,3,1,3,1,1,1,1,3,4,2,3,4,2,3,1,1,3,4
305,2,3,2,2,1,4,4,4,1,4,4,1,1,1,4,4,1,2,3,3,3,4,4,2,3,3,3,2,3,1,4,2,1,4,1,3,1,1,3,2,3,3,2,2,3,3,4,2,3,1,2,3,3,4,4,1,1,4,3,2
306,1,1,1,3,4,4,1,4,1,3,4,2,2,1,1,1,1,2,1,4,1,2,2,1,4,4,2,1,2,1,4,1,1,1,4,2,3,4,1,1,4,4,3,4,2,3,4,4,1,4,1,3,4,2,2,1,1,4,3,4
307,2,4,2,2,4,2,1,1,4,3,4,4,1,3,2,2,1,4,3,4,2,3,3,2,1,1,2,4,1,3,4,3,4,1,2,3,4,2,2,1,3,2,1,3,2,3,3,2,4,3,4,4,3,4,4,2,2,1,4,2
308,3,2,4,1,4,1,2,3,4,4,2,2,1,4,1,3,4,2,3,2,4,3,4,4,1,1,3,3,3,4,4,3,1,3,4,1,1,4,2,3,4,2,3,2,1,3,3,1,2,2,3,2,3,3,3,3,4,3,2,3
309,2,3,4,1,4,4,1,3,3,2,2,3,4,3,3,2,2,3,4,3,1,2,1,3,1,1,1,1,1,3,4,3,1,1,4,3,3,1,1,1,3,3,1,3,4,1,3,3,2,1,4,3,1,1,1,1,3,4,1,3
310,4,2,1,4,3,1,1,1,1,4,2,1,2,1,3,2,1,4,4,3,4,1,1,1,1,1,3,2,1,2,1,3,4,3,4,4,1,3,3,3,3,3,4,3,1,1,1,3,4,2,2,3,3,1,1,3,3,4,1,1
311,2,3,2,2,2,3,3,2,3,2,3,4,1,4,2,2,3,3,2,2,3,3,4,3,2,3,4,2,1,4,1,3,4,3,3,4,1,3,4,1,3,4,1,3,4,4,2,3,2,3,4,2,3,4,4,3,4,2,2,2
312,4,3,2,1,1,4,1,3,1,1,1,2,1,1,3,2,1,4,2,3,3,1,2,2,2,3,4,4,1,3,1,4,2,1,1,2,1,2,3,1,1,1,3,1,2,3,3,2,2,1,2,1,1,1,3,3,4,1,1,2
313,1,4,2,4,4,4,1,4,1,1,3,4,4,4,1,2,2,4,3,2,3,2,2,1,4,1,3,1,2,4,4,3,4,1,4,4,4,2,2,1,4,2,2,2,3,2,1,4,4,2,1,4,4,1,4,4,4,3,3,2
314,2,1,3,1,2,3,3,4,4,2,3,2,3,1,3,3,2,3,4,2,3,3,2,3,2,3,1,2,1,4,4,2,3,4,3,4,4,1,2,1,3,1,2,3,2,1,1,4,1,2,1,4,1,4,2,4,4,2,3,4
315,2,2,2,2,1,3,2,2,3,4,1,1,4,4,4,2,2,3,3,1,3,4,3,2,3,3,2,2,1,4,4,3,4,1,1,2,4,2,3,1,3,4,4,2,3,2,2,1,1,4,1,1,4,1,4,2,1,3,4,4
316,4,3,2,3,4,2,2,2,3,2,2,4,1,3,1,2,2,2,4,2,2,3,3,4,3,2,2,3,2,2,3,2,1,1,3,4,2,3,1,3,2,3,1,2,2,3,4,1,4,3,4,2,2,1,1,4,3,4,4,1
317,2,1,1,2,2,3,4,2,3,3,4,1,2,1,1,4,3,3,3,4,1,1,2,3,2,1,2,1,4,4,2,1,3,1,2,2,3,2,2,3,4,2,1,2,2,2,2,4,1,4,4,3,4,3,3,2,2,3,2,1
318,3,2,2,3,2,1,3,3,2,2,3,4,2,4,3,2,3,4,2,3,3,2,2,3,2,2,2,2,1,4,2,1,1,1,1,4,2,4,3,4,1,3,2,3,3,4,2,3,4,4,4,3,2,4,4,2,1,2,1,4
319,4,4,2,3,2,1,2,4,3,3,4,2,1,3,3,2,2,3,4,3,3,4,4,1,2,1,4,3,4,2,3,4,3,2,2,3,4,4,1,4,1,4,3,3,4,3,3,2,3,3,1,3,1,2,1,3,2,1,2,1
320,1,4,4,4,2,2,2,2,3,2,1,2,2,3,3,2,2,2,2,3,2,2,3,3,3,2,2,2,1,4,1,4,2,2,1,3,2,3,3,2,2,2,1,4,2,2,2,1,2,2,1,3,2,2,2,2,1,3,2,4
321,4,2,2,2,2,2,1,2,3,4,3,4,4,1,4,1,3,1,1,4,1,1,4,4,4,4,1,3,4,4,1,1,3,4,4,4,4,4,1,1,4,1,4,4,1,4,4,1,4,2,1,4,4,1,4,4,2,2,2,3
322,2,2,1,4,2,2,3,4,4,4,3,4,1,2,1,2,1,4,2,1,1,1,1,2,2,2,3,1,3,2,3,2,1,1,1,1,1,1,1,1,1,1,1,1,1,1,1,1,1,1,1,1,4,4,1,1,2,2,2,1
323,4,2,2,2,4,4,2,3,2,4,2,3,4,4,2,4,3,4,4,1,4,2,2,4,4,4,4,3,4,4,1,1,3,4,2,4,1,4,3,4,2,2,3,1,4,3,4,4,4,2,2,1,2,3,3,3,3,4,4,3
324,2,2,1,3,4,3,3,4,3,2,3,4,2,2,1,3,3,2,3,4,4,2,2,3,3,3,2,2,1,4,1,1,2,1,3,2,1,1,3,4,2,4,4,2,2,1,1,1,3,2,3,1,4,3,3,3,2,2,3,2
325,3,2,1,1,4,4,3,2,2,3,4,4,4,4,1,1,2,2,2,2,1,1,4,1,4,3,4,1,3,4,4,3,4,1,4,4,4,4,2,2,3,1,1,1,4,1,1,2,1,1,2,3,2,2,3,2,1,3,3,4
326,2,3,4,4,3,4,3,3,3,3,3,3,2,2,3,2,1,1,4,2,2,3,3,2,3,4,3,3,3,1,2,3,3,1,3,4,4,4,1,1,4,2,3,1,2,3,1,3,4,4,3,4,4,2,3,4,2,3,3,1
327,1,2,1,3,1,4,4,1,4,4,4,2,2,2,4,1,4,2,1,4,4,1,1,3,3,2,4,4,3,4,3,4,4,1,2,1,3,1,4,4,4,2,2,4,4,3,2,3,4,2,3,3,2,3,3,4,3,1,1,1
328,1,4,1,4,1,1,1,4,3,3,4,4,3,4,4,2,4,1,4,4,2,2,3,3,4,4,4,2,1,4,4,3,3,4,4,3,1,3,2,4,4,4,4,3,3,1,3,1,4,4,4,2,1,4,4,2,3,3,1,1
329,1,4,1,1,2,4,4,4,1,1,4,4,1,4,1,2,4,2,3,4,2,1,4,2,4,2,4,2,4,4,4,3,1,2,2,1,4,4,4,4,2,2,1,2,1,4,4,4,2,4,2,2,3,2,2,2,4,4,1,3
330,1,2,3,3,3,4,2,3,4,4,2,1,4,1,2,2,3,4,1,4,2,2,1,2,3,3,1,2,2,3,4,3,1,1,4,4,4,2,3,4,4,4,4,4,2,1,3,3,3,3,3,3,2,3,3,3,2,3,3,1
331,1,1,2,2,1,1,2,3,4,3,3,1,2,1,1,3,2,1,1,4,4,3,2,3,1,3,4,1,1,4,4,3,1,1,3,3,1,2,2,3,3,1,1,4,3,3,3,4,4,3,3,1,1,3,1,3,2,1,3,4
332,4,2,1,2,2,3,3,2,3,3,3,2,2,2,3,3,2,1,3,2,3,3,3,4,1,1,4,1,1,4,4,3,1,4,3,3,1,4,2,2,1,1,4,1,4,2,1,4,4,2,1,4,3,1,4,1,3,2,3,2
333,4,3,2,1,2,1,1,3,2,3,2,3,4,1,3,3,2,2,3,3,4,2,1,4,1,3,4,4,1,3,4,3,1,4,3,4,1,1,3,4,2,3,3,3,2,2,1,4,1,4,3,4,4,1,1,4,3,3,2,2
334,3,4,3,3,3,4,1,3,3,3,3,2,3,1,4,4,3,1,1,3,2,1,1,1,3,4,2,1,1,1,4,2,1,4,2,3,4,3,4,2,3,1,3,4,4,4,1,4,4,3,1,1,1,4,1,1,1,2,2,2
335,4,4,2,2,2,1,4,2,3,4,1,4,4,3,2,3,2,3,2,3,2,3,3,2,3,2,4,2,1,4,3,3,3,2,2,1,3,4,3,4,4,3,1,2,1,2,1,2,3,2,2,2,2,2,4,2,3,4,2,1
336,1,4,4,3,3,1,2,3,1,1,3,3,3,3,3,2,3,3,2,3,1,3,3,3,3,3,2,3,1,4,3,4,2,2,1,3,3,3,2,2,1,3,4,3,4,4,1,1,4,1,4,3,3,3,2,3,4,3,3,3
337,2,4,1,4,1,1,1,3,3,1,3,1,4,4,3,4,1,3,4,1,1,2,3,1,4,3,2,2,1,4,4,3,4,1,4,3,3,4,3,2,1,1,1,3,3,3,1,3,1,4,2,3,1,3,3,3,3,2,1,1
338,3,1,3,2,3,2,1,1,1,1,2,3,1,3,3,2,3,4,2,1,3,4,4,3,4,2,3,4,3,1,1,3,4,4,3,4,4,1,3,1,2,1,3,4,1,2,1,3,4,3,3,1,3,4,3,3,3,4,2,2
339,4,3,1,3,3,3,1,1,3,3,3,3,1,4,3,3,3,3,1,4,1,4,1,2,1,2,4,4,3,4,3,2,3,4,4,2,3,4,3,4,3,3,4,2,2,1,1,4,1,2,3,4,4,3,2,3,2,3,1,1
340,4,3,4,4,2,1,2,2,4,1,2,3,4,1,2,1,2,3,2,2,3,3,2,2,3,2,1,3,1,4,1,4,3,2,1,3,4,2,1,1,4,4,4,2,2,4,2,3,4,2,1,2,3,4,1,4,4,4,2,3
341,1,2,2,1,2,3,2,3,4,2,3,3,2,4,4,4,2,3,2,3,4,4,4,1,4,2,2,2,1,4,4,3,4,1,4,3,1,4,4,1,4,2,4,4,1,2,1,2,3,3,2,3,4,2,3,3,4,2,2,2
342,1,4,4,1,2,1,4,1,4,4,1,4,4,2,4,2,4,3,2,2,4,4,2,2,3,3,2,2,3,4,4,3,4,1,4,2,4,3,4,3,2,3,4,2,2,2,3,2,2,2,3,4,2,4,3,2,1,4,4,1
343,4,4,1,3,1,4,2,1,3,4,1,2,1,2,2,1,2,3,2,3,3,2,3,3,3,3,3,2,1,4,1,2,3,4,1,1,1,3,1,2,1,4,3,3,4,4,3,4,2,1,4,1,4,3,2,3,4,4,4,4
344,3,4,3,2,3,1,1,3,1,4,2,4,4,1,4,3,1,1,2,1,3,4,3,2,2,3,2,1,2,3,4,2,4,4,1,4,3,4,2,2,1,4,4,2,2,1,4,2,1,3,2,3,4,1,1,3,4,3,2,1
345,4,2,1,3,2,3,1,3,2,4,2,1,3,4,1,3,2,1,1,4,2,3,1,4,4,3,2,3,1,4,4,3,1,1,4,3,1,4,2,3,3,3,4,4,3,1,2,3,3,4,4,3,4,3,4,4,2,1,1,4
346,2,3,4,4,4,2,1,4,4,4,4,4,1,4,3,3,2,1,4,4,4,2,2,2,3,3,1,1,3,4,2,3,2,4,2,2,3,4,2,2,2,2,3,4,1,1,2,1,2,3,4,1,3,4,2,2,3,1,2,3
347,3,2,2,3,2,3,2,1,2,2,1,2,3,3,3,3,2,3,3,4,4,3,2,3,2,1,2,2,1,4,4,4,3,4,2,3,4,2,2,4,2,2,2,2,1,4,4,3,1,2,1,4,1,2,2,4,1,4,1,3
348,3,4,4,4,2,1,1,1,4,4,3,4,4,1,1,1,3,4,1,1,4,1,1,1,4,3,1,2,1,1,1,4,1,2,1,4,4,1,1,1,2,4,2,3,4,4,1,1,4,3,2,4,3,3,3,4,4,2,3,3
349,3,3,3,1,2,2,1,4,1,4,4,4,1,4,2,2,1,4,4,4,2,3,4,2,1,4,2,3,2,1,3,2,3,4,3,3,3,4,2,4,4,1,3,2,1,1,4,1,1,2,2,2,4,1,4,2,3,4,3,4
350,1,1,3,1,3,3,1,2,2,3,4,1,4,4,3,1,1,4,4,3,1,1,4,4,2,1,1,1,4,1,4,3,4,4,4,1,4,4,2,1,4,4,4,1,4,3,2,2,1,4,3,3,2,1,4,4,4,1,2,4
351,2,1,1,4,3,3,3,4,1,2,3,1,2,3,1,2,1,3,4,2,2,3,4,2,3,1,3,2,4,2,4,3,4,1,4,3,3,4,2,2,2,2,2,1,1,2,2,2,1,2,1,4,4,3,2,2,3,1,4,4
352,4,2,3,4,3,4,4,1,3,3,2,3,2,4,1,2,3,4,4,3,3,1,3,4,4,4,3,2,3,4,2,1,4,3,3,1,1,2,4,3,3,4,2,2,1,1,4,4,3,2,1,2,2,2,2,1,4,4,2,3
353,4,2,2,1,3,4,4,3,2,1,1,4,1,3,3,2,3,2,2,1,4,2,3,4,3,4,3,1,3,3,3,4,1,1,1,1,1,4,4,4,2,2,1,1,4,4,1,3,2,2,1,2,2,1,2,1,1,2,1,2
354,2,3,2,3,1,1,3,2,1,4,2,2,2,3,2,3,4,4,2,2,2,1,4,4,2,1,4,3,2,1,4,3,1,1,4,3,4,3,2,3,2,2,1,1,1,2,2,3,2,3,3,3,2,2,3,1,1,3,3,2
355,2,3,4,3,4,1,3,4,3,2,1,3,2,1,3,2,2,2,1,2,2,2,2,1,3,3,2,2,1,4,4,3,4,4,3,2,2,3,4,2,3,4,4,1,2,3,2,1,1,1,4,1,1,4,1,1,4,2,3,4
356,2,1,2,2,2,4,1,4,4,1,4,2,3,4,4,1,4,4,4,4,3,2,4,4,2,2,1,1,4,2,3,4,1,2,3,4,3,1,1,1,3,3,3,2,1,2,1,4,3,2,3,2,3,2,3,4,1,1,4,1
357,3,3,2,2,1,1,4,4,1,4,4,4,1,2,2,3,2,3,2,3,4,2,2,2,2,2,2,1,2,2,1,3,3,1,2,2,1,3,2,1,2,3,4,3,4,1,2,3,3,3,2,2,2,2,1,1,4,2,2,2
358,1,2,3,1,2,3,1,2,1,1,1,2,3,4,2,4,2,1,2,1,4,1,1,4,4,1,4,1,3,4,4,3,1,1,4,1,3,4,3,4,4,1,2,1,1,2,3,4,3,2,3,2,2,1,3,4,2,2,2,3
359,1,3,3,2,3,4,3,2,1,2,4,3,2,3,4,3,2,1,3,4,3,4,3,2,2,2,2,2,1,4,3,1,2,2,3,2,2,1,4,1,4,4,3,1,1,2,3,4,3,4,2,3,2,1,2,4,1,1,2,1
360,1,4,4,4,2,1,2,3,4,3,4,4,3,1,4,4,2,1,2,2,3,1,3,1,4,3,2,2,2,1,4,2,3,1,2,3,3,4,4,4,1,4,4,2,3,4,1,4,4,2,1,1,4,1,4,1,1,3,3,4
361,3,3,4,3,4,3,1,3,4,4,3,4,3,4,1,4,4,3,1,4,4,4,2,3,3,4,1,4,4,3,3,3,1,3,4,3,3,3,3,4,3,3,3,1,3,4,4,4,3,4,3,1,2,1,4,3,3,4,3,3
362,2,2,3,4,4,4,3,4,2,3,3,1,4,2,2,2,4,3,1,1,2,2,2,1,1,2,3,2,2,1,3,2,2,3,1,4,1,2,2,2,2,3,4,3,2,2,3,2,3,4,3,4,1,4,4,2,2,3,2,2
363,3,2,3,2,1,4,2,3,1,1,3,3,3,3,3,1,1,3,3,3,1,3,3,3,3,3,3,3,1,4,1,4,1,3,1,2,4,4,3,2,2,2,1,2,3,2,3,4,3,3,3,2,2,2,1,4,4,2,3,4
364,4,4,4,1,3,4,4,4,2,3,4,2,1,2,2,4,3,4,1,4,2,4,2,2,4,1,4,4,1,2,1,1,4,4,2,4,4,2,4,4,2,2,4,1,4,2,4,2,3,2,3,1,1,4,1,3,4,1,3,2
365,3,3,3,2,2,1,2,3,2,2,3,2,2,3,3,4,3,2,3,3,2,3,2,3,2,3,4,2,1,4,3,4,2,2,2,3,4,4,4,1,4,2,3,4,3,2,1,3,3,4,2,2,2,3,2,2,3,4,2,3
366,3,3,2,1,3,4,4,2,1,4,4,2,3,2,3,1,1,4,1,4,4,1,4,1,4,2,2,3,2,2,3,2,2,1,4,4,4,1,4,4,1,1,1,4,4,1,2,3,3,3,4,4,2,3,3,3,2,3,1,4
367,1,4,1,1,1,3,4,1,1,1,2,1,4,4,1,2,2,2,3,1,3,2,1,1,3,4,3,4,1,1,1,3,1,2,4,4,4,1,2,2,4,1,3,1,3,4,4,3,4,4,2,1,3,2,2,4,2,1,4,3
368,2,3,2,2,2,2,1,2,2,2,1,2,2,3,4,3,2,2,1,2,2,2,4,2,2,2,4,2,1,4,1,3,2,4,2,3,3,2,2,3,4,4,1,4,2,2,1,4,4,2,1,1,4,1,1,2,3,2,2,1
369,1,3,2,1,1,3,1,1,4,2,3,2,2,3,1,4,3,2,2,1,4,1,2,4,2,2,1,3,4,4,4,3,2,1,3,3,3,2,1,2,1,4,1,4,4,1,4,4,1,2,1,1,4,4,2,3,1,2,3,1
370,4,4,1,2,1,4,2,3,2,1,2,2,3,1,4,2,3,4,2,1,1,3,4,4,2,3,1,2,1,4,4,3,1,1,4,2,4,2,2,2,2,3,1,1,1,1,3,2,2,2,3,3,3,4,4,2,1,2,1,1
371,4,3,2,3,3,3,4,2,3,3,3,3,2,3,2,3,4,3,1,3,3,1,3,1,3,2,1,1,1,2,1,3,3,4,4,4,1,1,1,3,3,2,1,4,2,2,3,2,3,2,2,1,4,4,2,4,1,3,4,4
372,3,2,3,3,4,3,1,3,3,3,3,4,3,3,3,3,4,3,3,3,3,1,1,1,3,2,1,2,1,4,4,3,3,3,2,3,2,1,3,3,1,1,2,2,3,3,4,3,4,1,1,4,2,1,1,1,1,4,2,2
373,2,3,4,3,3,4,3,4,1,3,4,3,4,3,1,4,4,1,4,4,1,1,4,1,4,2,3,2,1,4,4,3,1,4,4,4,1,1,4,4,4,4,3,4,1,4,4,1,4,3,4,4,4,4,3,2,3,4,4,4
374,4,4,1,4,1,1,4,1,4,1,4,1,1,4,1,4,4,1,1,4,1,4,4,1,1,4,1,4,4,1,1,4,1,4,1,4,4,1,1,4,2,4,4,1,4,4,4,1,1,2,3,4,2,4,4,2,2,1,4,4
375,4,4,4,2,4,2,3,4,3,2,2,3,4,3,3,3,3,2,3,2,2,3,4,3,4,3,4,2,1,4,1,2,2,4,3,3,4,4,4,4,4,4,4,3,4,1,1,3,3,1,2,3,3,2,3,3,2,4,1,2
376,2,3,4,1,3,2,1,1,3,1,2,3,4,4,4,2,1,1,4,2,3,4,1,3,4,4,2,1,2,3,2,2,3,4,4,2,2,3,3,4,1,3,3,3,4,1,1,3,4,3,4,4,2,3,4,1,1,4,2,2
377,1,1,4,2,3,4,2,1,3,4,3,4,4,1,3,2,2,3,4,1,4,1,1,2,3,3,2,1,4,4,4,3,4,1,4,3,2,2,1,4,4,1,4,3,3,3,2,1,4,2,1,4,3,3,3,2,1,4,1,4
378,1,1,3,2,1,1,3,3,1,3,2,3,3,3,1,3,3,3,3,3,4,2,3,4,4,2,3,1,3,4,1,1,1,2,2,1,2,4,1,4,2,1,4,3,4,3,3,2,3,2,3,2,2,3,3,2,1,3,3,1
379,4,2,3,4,4,4,4,1,4,1,1,1,2,2,2,1,1,4,4,3,1,2,2,3,1,3,4,4,4,4,2,3,4,4,2,2,3,3,2,3,2,1,1,4,4,1,1,4,2,2,2,4,4,2,3,2,2,2,2,4
380,2,2,1,2,3,3,2,1,4,4,3,1,2,3,1,2,2,2,4,3,2,3,3,2,3,1,3,2,3,4,4,3,3,2,3,2,4,3,2,2,3,4,3,2,1,2,2,2,1,4,4,2,3,4,4,3,1,3,4,2
381,2,2,3,3,2,2,3,3,2,2,3,4,4,4,3,4,1,4,3,4,4,1,4,1,2,3,4,3,2,3,2,2,2,4,4,2,3,2,3,4,2,2,3,4,1,2,1,3,4,1,4,4,4,3,3,1,2,2,2,2
382,2,3,4,4,1,2,1,4,4,3,3,4,4,1,4,4,1,4,4,3,4,1,2,2,1,1,3,4,1,1,3,2,4,4,4,2,3,1,3,4,3,4,4,1,2,4,3,4,3,3,4,1,2,2,2,3,3,2,3,4
383,2,2,4,3,2,3,4,4,2,2,4,2,4,4,1,3,4,1,2,3,3,2,2,4,2,1,2,2,1,1,4,3,4,1,4,3,3,3,4,1,1,1,3,4,4,3,4,4,4,2,2,1,4,1,1,2,1,3,2,2
384,3,4,1,4,2,2,2,3,4,2,3,2,2,2,2,3,3,3,3,2,3,2,3,2,2,2,4,2,1,4,1,4,1,1,4,2,3,4,1,1,4,1,1,1,1,2,2,1,1,4,1,3,2,1,3,2,3,3,3,4
385,1,4,3,4,3,3,3,3,2,1,3,1,3,3,4,2,3,3,2,3,2,2,2,3,3,3,1,4,3,3,2,3,4,2,3,4,3,2,3,2,2,2,3,4,1,1,4,1,4,3,4,1,1,2,2,2,3,2,3,3
386,4,2,1,4,3,1,1,4,1,4,3,2,3,3,1,1,3,3,3,3,4,3,3,3,3,2,1,2,1,4,4,3,3,4,3,3,3,3,4,1,1,3,4,4,3,1,1,1,4,3,3,4,1,3,4,2,1,3,3,2
387,4,3,1,4,1,2,2,3,3,4,4,3,4,4,4,2,4,4,3,2,2,3,3,2,3,2,2,3,1,4,4,1,1,4,1,1,4,2,2,3,1,3,1,3,2,2,2,1,1,1,4,4,1,1,2,1,4,1,1,4
388,2,1,1,1,2,2,1,2,2,3,4,2,2,2,2,1,3,2,2,1,3,3,4,3,2,2,3,2,1,4,4,3,4,1,3,2,2,3,3,4,4,2,4,4,1,4,4,2,2,4,2,1,1,4,3,1,2,1,3,4
389,4,2,3,2,1,4,2,3,2,2,2,1,4,4,3,2,1,2,2,2,1,4,4,1,1,2,3,4,1,4,4,3,4,1,4,3,4,3,2,2,2,2,1,3,2,2,3,4,4,2,2,2,3,3,4,1,2,2,2,3
390,4,1,4,2,2,3,1,4,1,2,1,2,2,2,2,3,4,4,4,3,3,4,3,1,4,4,4,4,1,4,1,4,4,2,3,4,4,4,4,3,4,4,1,4,4,4,1,4,1,4,4,2,3,2,2,3,3,2,2,2
391,3,4,2,3,2,3,2,2,2,1,4,4,3,2,3,1,2,2,2,3,4,1,1,2,3,4,2,1,4,1,3,2,1,2,2,1,1,3,4,3,4,4,3,1,4,1,1,4,2,2,1,1,2,2,1,1,2,2,1,4
392,3,3,4,3,1,1,2,3,3,4,1,2,1,1,4,1,1,4,3,3,1,3,2,3,4,2,3,3,2,2,1,1,1,4,3,1,2,1,1,3,4,1,3,4,4,4,4,2,1,4,4,2,1,3,1,4,4,1,3,4
393,4,3,3,2,4,1,3,3,2,3,4,2,3,3,2,1,1,3,3,3,4,3,2,2,2,3,1,3,2,3,1,3,3,1,1,3,2,1,2,2,1,2,3,2,3,3,1,2,3,4,2,2,2,1,4,3,2,1,4,4
394,3,4,4,2,3,4,2,2,1,2,1,1,3,1,4,1,4,1,2,1,2,3,4,1,4,1,1,1,1,1,4,1,1,2,1,4,4,3,3,4,1,3,1,2,2,3,3,2,1,3,4,1,1,1,3,3,2,1,1,4
395,1,3,3,1,2,1,4,4,2,4,3,4,1,4,2,2,1,2,3,4,2,4,2,2,3,4,4,2,2,3,2,2,1,3,2,2,3,2,1,3,2,2,3,4,1,1,4,1,3,4,2,1,1,4,1,1,2,3,3,2
396,2,1,3,1,3,1,3,1,4,1,2,3,1,2,1,3,4,2,3,1,4,3,3,1,1,4,3,1,2,1,3,1,4,1,4,4,1,3,4,3,4,3,4,3,4,3,1,3,1,4,1,3,1,3,1,3,4,3,3,1
397,4,2,3,1,2,2,2,2,2,3,4,2,4,1,4,4,4,1,4,2,3,2,2,1,3,2,3,3,2,4,4,3,1,4,4,2,2,3,4,4,4,4,1,4,1,4,3,4,4,2,1,4,4,3,4,2,3,4,2,3
398,1,1,2,3,1,1,1,3,2,1,1,4,1,1,4,1,1,1,3,2,3,2,3,4,3,2,1,1,3,4,4,1,1,4,1,1,1,3,3,1,1,4,3,3,3,4,3,1,1,3,3,3,3,1,1,1,1,1,3,2
399,3,2,1,4,1,2,2,3,3,4,4,3,4,4,4,2,4,4,3,2,2,3,3,2,3,2,2,3,1,4,4,1,1,4,1,1,4,2,2,3,1,3,1,3,2,2,2,1,1,1,4,4,1,1,2,1,4,1,1,4
400,4,3,1,3,1,3,4,2,1,3,3,3,4,4,1,1,3,3,4,3,3,2,3,4,3,1,3,4,1,1,3,3,4,1,3,4,1,2,3,4,4,1,2,1,4,3,3,1,2,2,3,3,1,3,3,2,1,1,1,2
401,1,2,1,3,4,2,2,4,3,4,4,1,1,4,2,2,4,4,4,4,2,2,3,2,1,2,1,4,1,4,3,2,3,3,2,4,3,1,1,2,2,2,1,4,4,1,4,4,1,1,4,2,2,2,1,2,4,4,2,4
402,2,2,4,2,4,4,2,1,2,1,4,1,4,2,2,1,4,4,4,4,2,2,1,1,2,2,2,3,1,2,2,2,1,4,2,3,2,2,2,1,2,4,2,3,2,3,4,4,4,1,3,2,2,4,3,2,3,4,2,2
403,1,4,3,3,2,3,4,2,1,4,2,1,2,2,2,2,3,4,2,2,3,4,2,3,2,3,4,1,4,4,4,3,1,1,4,3,4,4,2,1,4,2,2,1,2,2,2,2,4,2,2,3,3,3,2,2,2,3,4,1
404,1,1,1,2,4,2,3,1,1,3,3,3,3,1,1,2,1,2,3,3,1,3,3,3,3,2,3,3,1,4,3,3,3,2,2,2,1,4,1,1,4,1,4,4,3,2,4,2,2,1,3,3,4,3,3,4,1,1,4,1
405,4,1,1,3,3,3,4,3,3,2,1,3,4,1,2,3,1,3,3,3,3,2,3,3,2,3,4,3,1,4,2,2,3,4,1,4,1,2,1,4,2,3,4,2,2,3,3,4,3,4,3,4,2,4,1,2,3,4,1,4
406,1,1,1,1,4,3,4,2,3,1,3,2,3,3,1,4,3,4,3,4,3,1,1,1,1,4,4,3,2,1,3,3,2,1,4,3,4,4,2,1,3,4,1,2,3,3,1,4,1,4,4,4,1,3,3,1,4,1,4,3
407,1,3,2,1,1,4,3,2,1,4,1,2,4,3,4,3,4,4,3,2,2,3,3,3,4,4,4,1,3,2,2,3,4,2,3,2,1,2,3,4,1,4,2,3,2,1,3,2,1,2,2,1,1,4,4,4,2,2,4,1
408,1,4,1,4,1,1,4,1,4,2,3,2,1,4,1,4,3,4,3,2,3,2,3,4,3,2,2,2,1,4,1,2,1,3,1,2,1,4,3,4,3,1,4,1,2,1,1,4,2,1,3,4,3,4,2,2,1,4,1,2
409,4,2,2,2,3,4,4,2,4,2,2,2,1,4,2,1,2,2,1,3,4,1,1,4,1,3,2,1,1,4,4,3,4,1,4,3,2,4,1,4,4,4,4,3,3,4,4,3,4,4,2,2,2,3,2,3,4,2,2,3
410,3,1,2,1,3,2,3,1,2,1,1,2,2,4,4,4,1,4,4,1,4,2,3,2,4,3,4,2,4,2,3,3,2,4,1,2,1,4,2,4,1,2,4,3,4,4,4,4,4,1,4,3,3,2,2,4,4,4,2,4
411,1,4,4,3,3,2,1,1,2,1,3,2,4,4,3,4,4,2,2,2,2,1,2,1,3,2,2,3,2,2,1,3,3,2,2,2,1,3,2,3,3,4,3,4,2,3,2,2,3,1,2,3,3,2,3,3,3,4,1,3
412,1,2,2,1,1,4,4,1,4,1,3,2,3,1,2,3,2,2,2,1,2,3,3,2,1,2,2,3,4,2,4,2,2,1,2,2,4,1,2,1,2,2,1,4,3,1,1,2,1,3,2,2,1,4,3,3,3,4,3,2
413,3,3,1,2,2,1,2,2,1,3,1,4,3,3,4,4,2,2,2,1,1,1,1,4,2,1,4,2,2,1,2,2,4,1,3,3,1,1,4,1,1,1,4,2,4,3,3,3,1,1,4,2,3,2,1,1,2,1,4,2
414,3,4,1,1,4,1,1,4,1,2,1,4,4,4,1,4,1,2,1,3,3,2,1,3,4,1,1,2,1,1,4,3,1,1,4,4,1,3,2,2,1,4,3,3,3,1,1,1,4,4,3,1,4,1,3,4,2,1,1,1
415,3,4,1,2,2,3,4,1,3,2,3,3,3,4,2,3,2,3,2,2,2,2,2,3,4,4,2,2,1,4,3,3,4,1,4,4,1,4,4,1,4,1,1,2,2,2,4,4,1,2,3,3,2,3,4,4,1,1,2,2
416,3,2,1,4,2,3,3,3,3,3,2,3,3,3,3,2,3,2,3,2,3,2,2,3,2,3,3,2,1,4,4,1,3,2,1,3,2,3,3,2,3,2,4,1,1,2,2,2,2,4,1,4,3,4,1,2,1,1,4,2
417,2,2,4,3,4,4,3,2,1,4,2,1,4,2,1,4,2,1,2,4,1,2,3,3,2,2,4,2,2,3,2,2,4,2,1,4,4,3,4,4,2,3,1,3,4,4,1,4,4,1,4,4,3,3,1,2,4,4,2,4
418,3,2,3,1,3,3,1,1,1,3,3,2,2,3,4,1,3,3,3,3,1,3,3,3,2,3,4,3,1,4,4,1,2,3,4,1,1,2,4,3,2,3,3,4,2,3,2,4,1,4,1,3,4,3,4,1,3,4,1,1
419,4,4,2,2,4,2,1,1,1,3,1,2,2,1,1,4,3,4,4,1,2,2,3,4,3,2,2,1,1,4,4,3,4,1,4,3,4,4,1,4,4,4,4,2,3,3,2,3,1,4,4,4,1,1,4,4,1,1,2,1
420,2,3,4,4,3,4,2,4,4,3,1,2,2,1,4,3,4,2,1,2,1,4,1,4,4,4,4,3,3,3,4,3,2,2,1,4,2,4,2,2,1,2,1,3,4,2,2,2,1,2,2,1,3,2,2,4,4,3,4,2
421,1,1,3,1,3,2,3,2,1,1,1,4,1,1,3,1,1,4,2,2,1,2,3,2,3,3,4,1,1,1,3,3,2,2,1,1,4,3,1,4,4,1,3,3,1,3,3,3,3,3,2,3,1,1,1,3,1,3,1,4
422,3,4,3,2,2,2,1,1,2,3,2,3,3,4,4,3,3,3,3,2,2,1,3,3,1,2,1,2,1,4,1,2,1,4,1,4,3,4,2,1,1,4,1,2,4,1,3,4,1,2,3,3,4,2,1,1,1,1,3,4
423,3,1,4,4,3,2,2,3,2,2,3,4,2,3,2,3,2,2,1,3,1,3,2,3,2,4,2,2,1,4,3,4,4,4,4,3,3,3,4,1,3,1,4,1,4,1,1,2,3,2,1,4,1,1,4,2,4,3,4,4
424,1,4,4,1,1,3,4,3,4,2,1,2,1,3,2,3,2,2,3,2,2,3,2,3,3,1,3,3,1,1,1,2,1,3,4,4,1,4,3,2,1,3,3,1,3,3,1,4,3,3,2,1,1,2,1,4,3,1,4,1
425,3,2,3,4,1,4,2,3,2,3,4,2,1,3,3,3,4,3,2,3,1,3,3,2,3,2,2,1,4,2,3,4,1,2,2,2,3,4,4,3,3,2,3,2,3,2,3,2,3,3,1,4,2,3,1,2,2,3,4,2
426,4,2,1,4,1,4,1,1,2,1,1,3,3,3,4,4,2,3,4,2,2,3,3,2,2,4,1,4,2,4,4,3,4,1,4,3,4,2,2,2,3,3,2,3,3,3,3,2,2,2,2,3,3,4,2,1,3,4,4,2
427,4,4,1,2,3,2,1,2,1,4,2,3,4,2,2,2,2,2,1,4,1,4,2,2,2,1,4,4,2,1,1,3,4,4,2,1,2,3,4,1,2,4,2,3,3,2,2,2,1,3,3,1,1,1,4,2,3,2,2,1
428,3,4,2,4,4,4,2,2,4,2,3,2,2,4,1,2,4,4,2,4,4,3,2,2,1,3,2,2,3,4,4,3,1,1,4,3,4,2,3,3,3,3,2,3,2,3,1,4,4,1,4,2,3,1,1,2,4,3,3,2
429,3,4,1,3,4,1,4,2,3,2,3,4,2,1,3,2,2,2,1,3,3,3,4,3,4,4,3,2,1,3,3,2,2,3,4,2,3,1,2,1,4,3,2,3,2,2,1,1,2,1,1,3,4,3,2,2,2,3,4,4
430,3,3,2,1,4,4,4,4,1,1,1,1,1,1,1,3,1,3,2,3,3,2,3,3,4,4,2,1,1,4,4,3,1,1,2,1,2,1,2,3,2,3,4,3,1,1,1,3,4,2,1,3,4,3,3,2,1,3,4,2
431,2,2,1,2,3,2,1,4,2,2,1,4,4,2,2,2,3,3,2,3,3,2,3,2,2,3,2,2,1,4,4,3,2,2,2,2,2,1,2,4,4,2,2,2,3,3,2,1,4,4,1,3,4,1,1,1,4,2,3,4
432,4,3,2,1,2,4,2,1,3,4,1,1,4,4,4,1,4,2,1,2,2,4,3,4,4,1,4,1,1,4,1,2,1,4,3,4,4,2,2,2,2,3,1,2,1,4,1,1,3,4,3,3,2,1,3,1,4,4,3,3
433,4,4,3,4,2,1,1,3,2,4,4,2,1,4,3,2,2,1,4,4,1,2,2,3,4,2,1,4,4,2,2,2,2,1,4,1,4,4,1,2,2,3,4,3,3,4,4,1,2,2,2,1,4,3,4,4,1,2,2,3
434,3,2,3,3,1,1,3,1,1,2,1,1,3,4,2,1,3,3,1,3,1,2,3,3,3,2,3,3,1,4,1,1,3,3,1,2,1,1,4,1,1,3,2,2,2,1,1,1,2,3,2,1,2,2,1,4,4,1,3,4
435,4,3,4,2,2,2,2,3,1,2,4,2,2,3,2,3,2,2,3,3,4,2,3,2,2,2,3,2,1,4,4,4,2,2,3,2,1,2,2,1,1,2,2,1,4,2,4,4,4,2,3,2,1,4,4,1,2,4,3,3
436,3,2,3,4,2,3,2,1,2,4,2,3,2,2,2,2,4,2,2,4,2,4,4,3,2,2,2,2,1,4,4,3,1,3,4,4,1,4,3,2,4,4,2,4,4,4,2,1,3,3,2,1,2,4,1,4,1,2,2,1
437,2,3,2,2,2,2,1,2,2,2,1,2,2,3,4,3,2,2,1,2,2,2,4,2,2,2,4,2,1,4,1,3,2,4,2,3,3,2,2,3,4,4,1,4,2,2,1,4,4,2,1,1,4,1,1,2,3,2,2,1
438,4,3,2,2,2,3,3,3,2,1,1,1,3,3,4,3,4,1,1,4,1,1,3,2,2,1,1,4,4,3,2,3,4,3,4,4,4,1,1,1,1,4,2,1,1,4,2,4,1,4,2,1,4,2,3,4,4,2,3,4
439,2,1,1,2,1,3,4,2,2,1,2,2,3,4,4,2,1,3,3,4,1,4,4,2,2,1,4,3,2,2,3,4,1,2,1,1,1,1,3,4,2,3,3,2,1,4,4,4,2,2,4,2,2,3,3,3,3,3,4,2
440,1,4,4,4,1,4,3,3,4,1,2,1,4,1,4,4,3,4,3,4,1,4,2,3,4,4,1,2,3,3,3,1,1,4,1,1,4,2,3,4,2,1,2,1,3,1,1,4,1,3,4,2,3,1,4,3,1,3,4,1
441,2,1,1,2,1,3,3,2,2,2,1,3,4,1,4,3,2,1,1,4,3,2,1,1,2,2,2,2,1,4,4,3,4,1,4,4,2,2,3,2,3,4,2,1,4,4,1,1,4,2,2,2,2,3,4,3,4,2,2,2
442,2,2,3,4,1,1,2,1,4,4,2,3,2,3,4,2,3,3,2,2,2,1,3,2,2,3,3,2,1,4,4,3,3,2,1,1,2,1,3,2,4,4,3,4,4,2,2,2,2,1,2,1,3,2,2,3,2,2,1,3
443,1,1,4,2,3,4,1,2,1,4,3,4,4,1,2,2,2,4,4,3,2,1,1,2,3,3,2,1,1,4,4,3,4,1,4,2,2,1,4,4,1,4,3,2,4,4,4,3,4,4,4,1,4,4,4,3,4,1,4,1
444,1,2,2,1,4,4,1,2,2,2,3,2,3,3,2,2,3,2,3,4,2,2,2,3,4,2,2,2,1,4,4,3,4,1,1,4,3,4,3,2,2,4,4,1,2,4,2,1,2,2,2,3,2,1,3,2,4,1,2,1
445,4,2,2,2,3,2,1,1,1,3,4,1,2,2,3,2,1,2,2,3,3,2,3,2,3,2,2,3,1,4,4,3,4,1,3,3,2,3,2,4,4,4,2,2,4,1,3,4,3,3,2,3,2,1,4,4,1,1,1,1
446,4,2,3,2,2,3,1,1,3,4,2,3,3,2,2,3,4,2,3,4,2,2,2,2,3,2,2,2,1,4,4,2,1,4,4,3,4,1,3,4,2,3,3,3,3,2,2,4,4,1,1,4,1,4,3,2,2,2,2,1
447,4,1,3,2,2,2,2,2,3,4,1,2,2,2,1,4,2,1,2,2,2,2,2,3,2,2,4,2,1,4,4,3,4,2,2,4,3,4,2,2,2,2,3,2,1,3,2,2,1,4,3,2,3,2,4,4,1,3,3,4
448,3,2,3,4,3,4,2,2,1,4,2,3,3,2,3,3,1,3,2,2,3,1,3,1,4,1,4,4,1,4,1,1,1,4,2,3,2,1,1,1,4,1,3,4,1,1,1,3,4,1,1,3,2,3,2,2,3,3,2,3
449,3,3,4,1,2,1,4,2,1,1,1,4,4,2,3,2,3,2,4,4,2,3,2,2,3,4,4,1,4,3,2,2,3,2,1,2,3,4,3,2,2,1,4,2,3,2,1,4,1,4,4,4,1,4,1,4,4,1,4,2
450,4,4,2,3,4,1,4,4,2,1,4,4,1,4,1,2,3,2,1,2,3,3,4,1,1,2,2,3,4,4,4,1,4,4,2,4,4,1,4,4,3,3,4,2,1,1,3,4,1,4,2,3,4,1,4,1,3,2,4,2
451,1,4,4,2,3,4,2,1,2,4,3,4,4,1,3,2,2,3,4,1,1,1,1,2,3,3,3,1,1,4,4,3,1,1,4,3,2,2,1,4,4,1,4,1,3,4,3,3,1,1,1,4,2,2,2,3,4,3,3,4
452,2,2,1,3,4,4,4,1,4,1,4,3,4,4,2,2,1,3,2,4,3,4,4,3,4,4,4,2,4,2,2,2,2,4,2,4,4,1,2,2,2,3,4,4,4,2,2,2,2,1,4,2,2,1,4,4,1,4,4,1
453,2,2,3,2,3,1,3,2,2,4,3,1,3,3,1,4,4,3,2,3,3,3,4,1,4,1,4,2,3,4,4,1,3,4,2,1,2,2,1,3,3,4,4,2,3,2,2,3,4,3,3,3,4,1,1,1,3,4,1,4
454,3,2,2,3,3,4,4,3,1,1,2,3,1,3,4,3,4,3,4,3,2,3,3,4,2,3,1,3,1,4,4,3,4,1,3,4,4,3,4,3,3,3,2,3,3,1,4,1,4,1,4,1,1,4,1,3,2,1,2,3
455,1,3,2,3,2,4,4,2,3,2,1,2,1,4,2,1,1,2,2,3,2,2,4,2,2,3,2,2,2,1,4,4,3,3,2,1,1,4,2,2,1,3,3,2,3,2,2,3,4,2,2,3,2,1,4,4,2,3,2,2
456,4,2,1,2,2,2,3,2,3,1,1,1,1,3,1,4,2,3,4,4,1,3,3,3,4,2,3,4,3,2,1,3,2,1,3,3,2,3,3,4,3,3,3,3,3,1,1,2,1,2,1,4,2,1,1,3,1,2,1,2
457,4,1,1,4,2,1,4,3,3,4,2,3,1,1,3,4,1,1,4,3,1,3,3,4,1,1,1,1,3,4,4,1,4,1,3,4,2,2,3,1,4,2,1,2,2,2,2,1,2,1,4,2,1,4,3,3,1,2,1,4
458,4,4,4,4,2,3,3,3,2,3,2,1,3,4,4,2,3,4,3,2,2,3,3,2,1,4,4,4,3,2,3,3,2,2,3,4,1,1,1,3,4,2,1,4,3,4,4,3,4,2,3,3,1,2,4,2,3,2,2,1
459,2,3,4,4,2,2,3,1,2,2,3,4,1,1,4,1,1,4,1,1,2,2,1,2,4,1,4,4,1,4,4,3,4,1,4,1,1,2,3,1,3,1,3,4,4,1,1,1,1,4,3,2,1,4,2,3,3,1,1,1
460,3,4,1,3,4,4,3,4,3,3,4,4,1,1,4,1,3,4,3,4,3,3,4,4,3,1,1,2,3,1,3,4,1,3,1,1,3,2,4,3,4,4,4,1,4,3,3,3,2,4,4,2,4,1,1,2,3,4,4,2
461,2,1,2,3,3,3,3,1,3,1,3,2,2,2,2,3,3,3,2,3,2,3,3,2,3,3,1,2,1,4,4,3,2,3,1,1,1,1,4,1,3,2,3,2,2,3,3,1,1,1,1,2,2,1,4,1,4,4,4,4
462,1,4,1,4,2,1,2,3,1,3,3,3,4,2,3,1,4,4,3,4,2,3,4,4,4,1,4,1,4,1,4,1,1,4,2,1,4,4,3,4,4,2,3,3,3,2,1,2,1,2,2,2,2,1,2,1,3,3,1,2
463,1,1,1,1,3,4,3,2,3,4,2,3,2,1,4,3,3,1,1,1,1,1,1,1,1,1,1,1,1,1,4,3,1,4,3,1,4,3,4,2,2,1,2,2,2,1,4,3,3,3,2,1,4,4,2,1,4,1,1,1
464,3,4,1,2,2,1,4,4,3,2,3,3,4,3,3,3,3,3,4,3,3,2,3,1,2,2,2,2,1,4,4,4,1,4,2,4,1,2,1,4,3,4,2,2,2,1,4,4,4,4,3,2,3,4,1,4,3,2,3,2
465,3,4,4,4,3,3,4,4,4,4,1,2,1,4,1,3,3,3,2,1,3,4,2,3,4,1,1,1,3,2,1,4,4,1,4,4,1,3,4,4,1,3,4,2,3,4,1,4,4,1,3,4,3,3,4,4,4,4,3,3
466,3,2,3,3,2,2,2,1,4,3,2,2,1,2,2,4,3,2,2,2,2,1,3,2,4,3,4,4,4,2,1,3,3,4,3,3,4,2,3,4,4,2,2,3,4,4,2,3,4,3,2,2,3,1,4,2,1,4,3,3
467,1,1,2,1,1,2,1,1,4,1,1,1,2,2,3,2,2,3,1,3,4,2,1,4,1,3,4,4,4,2,2,3,3,1,1,1,3,1,2,4,4,2,3,4,4,3,4,4,1,4,3,4,4,4,1,1,2,1,2,4
468,3,2,1,4,2,2,1,2,3,3,2,4,3,4,2,2,4,4,3,2,3,3,2,2,3,4,2,2,1,4,4,3,2,2,4,2,4,2,4,2,2,4,4,4,3,3,4,2,5,5,2,1,2,2,3,2,3,2,2,4
469,2,1,1,3,1,3,4,1,1,1,3,3,1,4,3,4,2,1,2,2,3,3,4,1,1,1,1,1,4,1,1,2,1,2,1,1,3,1,1,4,1,4,2,1,1,3,3,3,3,3,1,4,4,4,1,1,2,1,1,4
470,2,1,3,2,3,4,3,4,2,2,4,4,2,3,1,2,3,4,2,2,2,2,1,2,2,1,3,4,1,2,2,2,4,2,4,3,4,2,3,4,2,1,4,4,4,4,4,3,2,2,3,4,2,2,4,4,2,2,2,3
471,3,1,1,3,4,1,3,2,2,3,4,3,2,2,3,3,3,3,2,3,1,3,3,3,3,2,1,2,1,4,2,2,3,2,3,2,2,3,2,2,3,2,2,2,1,4,3,3,2,3,2,2,3,2,3,4,4,1,3,2
472,1,3,4,1,1,1,4,2,2,3,1,2,1,1,2,4,2,1,2,4,3,3,1,2,3,3,4,2,3,3,3,1,3,1,4,1,3,3,3,3,3,3,3,3,1,1,3,3,3,3,1,1,4,3,3,3,3,1,3,4
473,2,1,1,3,1,2,1,2,3,3,1,1,3,3,1,3,2,3,3,3,1,3,2,2,3,3,3,3,1,4,4,3,3,1,2,2,2,1,3,4,2,1,4,3,3,4,3,3,1,2,3,4,3,1,2,2,1,4,2,2
474,3,3,3,4,2,3,3,2,1,4,3,2,2,3,3,4,1,1,3,2,1,2,2,3,4,3,4,4,4,1,2,3,3,4,1,4,4,1,2,3,2,4,4,4,1,3,2,3,3,2,1,4,4,1,2,4,2,2,3,4
475,4,4,2,3,4,1,2,3,3,3,1,3,4,4,2,3,1,1,4,1,1,4,3,3,3,3,2,1,2,3,4,4,1,3,4,2,1,3,3,1,1,3,1,1,2,1,1,1,3,1,3,3,3,3,1,2,2,3,3,3
476,3,2,2,2,2,3,2,1,2,1,4,4,4,1,1,1,3,3,3,3,2,3,3,2,2,2,1,2,1,4,4,3,4,4,1,1,1,1,4,4,1,4,4,4,1,4,2,3,1,2,3,2,3,2,1,4,4,2,3,4
477,4,1,2,2,4,2,3,3,2,2,2,4,3,1,2,4,3,4,4,2,3,2,3,4,3,2,2,1,1,4,4,3,1,1,4,3,4,2,3,4,4,4,2,3,1,2,2,3,3,1,4,1,4,3,2,2,3,2,2,1
478,3,4,4,1,3,4,3,4,4,3,4,4,2,1,3,1,2,4,2,2,3,4,3,1,4,3,2,2,3,1,4,2,2,1,2,3,2,1,4,4,1,4,4,2,3,4,1,4,4,2,1,4,4,1,4,4,1,3,3,4
479,1,3,4,3,2,2,2,1,4,2,1,1,2,1,2,1,2,1,2,3,4,2,2,1,4,3,4,1,2,2,2,3,2,3,2,2,2,2,3,4,2,2,2,3,2,1,4,3,2,1,4,4,1,4,2,3,2,2,3,2
480,3,4,4,2,4,1,2,3,1,2,4,4,2,4,2,4,4,1,4,4,2,2,2,3,4,4,1,4,1,4,4,3,4,1,4,4,1,2,2,2,3,4,4,3,1,3,2,2,2,3,4,2,3,4,2,2,1,4,3,2
481,1,3,2,2,4,1,4,4,1,2,2,3,3,3,4,4,2,3,2,4,4,4,1,4,1,4,4,2,1,4,4,3,4,1,4,4,3,1,4,3,4,4,4,2,1,3,2,2,4,1,4,4,4,4,1,3,4,2,4,4
482,4,3,4,4,1,4,2,1,4,2,3,4,1,2,2,2,1,4,4,1,4,3,3,2,3,4,3,4,1,4,4,3,1,1,4,4,2,3,4,4,4,2,3,2,2,3,4,1,4,4,2,2,1,2,2,3,2,4,4,4
483,1,4,1,3,4,1,1,3,3,1,1,4,1,1,2,3,2,3,1,3,2,3,3,3,3,3,1,2,1,4,1,1,1,1,2,1,4,2,2,1,1,1,1,2,1,1,1,2,1,2,3,1,1,3,4,1,4,3,3,3
484,4,3,1,3,1,1,2,2,2,3,4,2,4,1,3,4,2,2,3,4,3,1,3,2,3,1,1,2,1,4,4,3,4,1,4,1,4,2,1,2,1,4,3,1,1,4,4,1,2,3,1,3,3,4,2,3,1,3,4,4
485,1,4,2,3,2,3,2,2,4,4,2,3,1,2,4,4,2,1,1,4,2,1,3,4,1,4,4,2,2,3,4,3,1,1,4,3,4,4,1,1,4,4,1,1,4,2,2,3,2,4,4,2,2,2,2,1,3,2,2,3
486,3,2,3,3,1,1,3,1,1,2,1,1,3,4,2,1,3,3,1,3,1,2,3,3,3,2,3,3,1,4,1,1,3,3,1,2,1,1,4,1,1,3,2,2,2,1,1,1,2,3,2,1,2,2,1,4,4,1,3,4
487,3,3,4,1,1,4,3,3,4,2,2,3,1,4,1,2,2,1,4,1,4,4,1,2,1,3,1,1,4,3,1,3,2,1,3,4,3,2,3,2,2,3,3,3,1,1,2,3,1,4,2,1,3,1,2,2,2,2,4,1
488,1,3,2,2,3,3,2,2,3,2,2,1,2,2,3,2,3,4,4,3,3,3,2,3,3,2,4,2,1,4,4,1,1,1,3,2,2,1,3,4,2,2,2,4,1,3,3,2,1,4,1,1,4,1,4,4,1,4,2,2
489,2,2,1,4,3,2,2,4,2,3,2,1,4,2,2,2,1,4,2,2,2,1,1,4,2,2,2,1,4,2,2,2,1,4,2,4,2,2,1,1,2,2,2,1,4,2,3,2,4,4,2,3,3,1,1,2,2,2,1,4
490,1,1,1,4,2,1,4,4,1,1,1,2,2,3,4,3,4,4,3,1,3,4,1,1,4,2,2,1,4,1,2,2,2,2,2,4,1,4,3,4,1,1,4,1,2,3,1,2,3,1,2,3,1,2,3,1,2,3,1,2
491,4,1,1,4,2,4,1,1,4,2,2,4,1,1,1,1,1,4,4,2,1,4,2,1,4,2,4,1,1,4,4,3,1,1,4,2,2,3,2,4,1,1,1,2,4,2,4,2,1,3,3,4,4,4,1,3,4,2,1,4
492,2,3,3,1,2,3,3,3,3,3,3,3,3,2,3,2,1,3,3,2,3,2,2,3,1,1,2,2,1,4,4,2,3,4,1,2,1,3,3,1,3,3,1,3,2,4,4,1,2,1,2,3,3,1,3,4,3,1,3,2
493,1,2,3,1,4,4,1,1,4,1,2,4,2,4,2,4,1,1,2,4,4,4,4,2,3,4,4,2,2,4,4,2,2,4,4,2,4,4,4,3,4,4,4,4,4,1,4,4,4,4,1,4,4,2,4,4,4,4,4,1
494,1,1,4,1,1,3,2,4,1,3,4,4,4,4,4,1,3,4,2,3,3,2,1,3,4,3,4,1,1,2,4,3,4,4,4,1,4,3,3,2,1,4,2,3,4,2,3,3,2,3,2,3,3,4,2,2,3,1,1,4
495,3,3,1,2,2,1,1,2,3,1,3,3,3,3,3,4,3,2,1,3,1,3,3,2,3,3,2,1,1,1,4,1,1,4,4,1,1,1,1,1,1,3,4,3,3,3,2,3,4,2,1,3,4,3,4,1,1,1,4,4
496,3,2,1,2,1,4,2,2,1,2,3,2,1,4,1,3,4,2,3,3,2,2,3,4,2,2,2,2,2,2,1,4,3,4,2,2,2,1,3,3,2,2,1,4,4,3,2,1,2,2,1,4,1,3,2,2,1,1,4,4
497,1,1,1,4,1,3,4,1,3,1,1,4,2,2,2,1,2,3,2,3,1,2,1,4,2,3,4,4,1,4,4,3,1,1,4,3,4,1,1,3,4,2,3,1,3,4,4,1,1,3,4,1,1,4,2,2,2,3,3,2
498,3,2,1,4,4,3,3,4,3,2,3,4,1,1,4,3,2,1,2,3,4,2,1,2,1,4,3,4,2,1,3,2,3,2,1,4,2,2,2,1,2,1,3,1,4,3,4,1,3,4,4,3,3,2,2,2,2,3,4,3
499,4,2,4,4,2,2,3,4,1,2,4,2,3,4,1,4,3,1,2,3,4,4,1,1,2,1,4,2,2,1,4,1,1,4,4,1,2,2,3,2,2,3,4,4,1,4,2,4,4,1,4,4,2,4,4,4,2,2,4,1
500,4,4,4,1,2,2,4,4,4,2,3,4,1,2,2,4,2,4,4,4,4,4,2,4,4,4,2,2,1,4,4,3,3,2,3,2,1,2,1,2,2,1,3,4,2,1,4,4,3,4,1,3,4,3,1,3,4,4,2,3
501,1,1,1,1,2,3,1,3,4,1,2,1,1,4,3,3,2,1,3,4,4,1,1,1,1,1,1,3,4,4,4,3,1,1,1,4,1,2,3,3,3,1,3,3,3,2,3,3,3,4,3,4,4,2,3,2,1,3,3,2
502,4,1,4,1,4,1,1,1,4,4,3,4,2,3,2,2,3,4,4,1,4,1,1,1,1,1,4,4,3,2,2,2,2,1,1,4,4,4,2,2,3,4,2,1,4,4,4,1,4,1,4,1,3,4,4,1,4,3,3,2
503,1,3,3,2,2,1,4,4,4,4,3,4,3,4,3,3,3,2,4,3,2,4,1,4,1,3,4,2,1,2,4,3,1,1,4,1,1,1,3,2,2,1,3,3,3,3,3,2,3,1,3,3,4,3,3,2,1,1,2,3
504,1,4,4,3,3,3,4,3,2,3,3,3,4,4,1,1,2,2,1,2,1,2,2,1,4,1,1,4,1,2,1,3,2,2,3,2,1,4,4,1,1,2,1,1,1,4,4,2,3,4,2,3,2,2,1,4,2,3,2,3
505,2,2,2,3,4,1,2,2,3,2,1,4,2,3,1,2,1,3,2,4,3,4,2,4,1,4,2,3,1,4,4,3,1,2,1,2,4,4,4,2,3,4,2,2,2,1,3,4,4,4,4,3,4,4,3,4,2,3,4,4
506,2,3,1,4,1,4,4,1,1,4,4,2,1,3,2,2,1,1,1,2,4,2,3,4,1,3,4,4,4,4,4,3,4,1,4,4,4,3,4,4,2,4,2,2,1,4,4,4,4,3,2,1,2,2,1,1,3,2,2,3
507,3,4,3,2,3,3,4,4,4,4,2,1,3,4,3,4,2,1,4,1,4,4,4,4,3,4,4,4,1,2,4,2,2,1,3,2,1,4,2,2,3,3,3,4,1,2,1,4,1,1,3,3,2,3,4,4,4,2,1,4
508,3,4,1,2,2,1,4,4,3,2,2,3,4,3,3,3,3,3,1,3,3,2,3,1,2,3,2,2,1,4,4,2,4,4,2,1,1,2,1,4,3,4,2,2,2,1,4,4,4,2,3,2,3,4,1,3,4,3,4,3
509,1,3,4,3,3,3,1,1,1,2,2,3,2,4,2,4,3,3,3,2,2,3,2,2,2,2,4,2,1,4,2,3,2,3,3,4,4,4,2,1,1,3,4,3,4,2,3,4,4,3,4,3,4,3,4,3,4,2,3,4
510,1,1,3,3,4,3,2,3,4,3,4,4,3,3,3,1,1,4,1,1,2,1,2,2,3,3,3,1,1,4,2,1,4,3,3,3,3,2,2,4,2,2,2,3,4,4,4,3,4,4,4,2,2,1,4,4,3,4,3,3
511,2,1,4,4,2,1,4,4,4,4,3,4,4,4,1,4,1,4,2,2,1,4,2,3,2,3,2,3,2,3,1,2,2,2,4,4,2,2,2,1,4,1,4,1,2,2,2,2,3,3,2,2,3,3,3,2,2,3,2,3
512,4,1,4,1,1,4,1,4,2,3,2,1,4,1,4,3,4,3,2,3,2,3,4,3,2,2,2,2,1,4,1,2,1,3,1,2,1,1,3,4,3,1,4,1,2,1,1,1,2,1,3,4,3,4,2,2,1,4,1,2
513,3,3,3,2,2,3,4,3,4,3,4,3,3,2,2,1,3,4,2,1,4,3,1,1,3,4,3,1,3,2,2,3,2,3,4,3,3,2,2,3,3,3,2,1,4,2,2,3,2,2,3,3,4,4,1,1,4,4,4,2
514,4,2,2,3,4,2,3,4,1,1,2,3,2,1,2,1,2,3,4,3,3,3,2,3,2,2,1,2,1,4,2,4,2,1,3,4,1,4,1,4,2,2,2,1,4,2,2,2,4,4,2,1,2,2,2,2,3,4,3,4
515,1,3,3,3,2,1,3,4,1,4,2,3,4,2,2,3,4,3,4,4,2,3,2,2,2,2,1,2,1,4,2,1,1,4,2,2,2,3,3,4,3,4,1,3,2,2,4,4,4,1,4,4,4,1,4,1,4,1,1,4
516,4,2,2,3,1,3,3,1,2,3,4,2,1,2,3,4,4,4,4,1,2,4,3,2,1,2,3,4,2,2,3,4,4,1,2,2,1,1,4,3,4,3,1,3,4,4,3,2,1,1,4,1,2,1,2,1,4,1,2,1
517,3,2,3,2,1,2,3,3,2,4,4,4,4,4,1,1,1,1,1,3,1,1,2,3,4,1,4,4,3,1,1,4,4,4,2,2,1,3,4,4,2,1,4,4,4,3,4,4,4,1,4,1,4,4,2,4,4,3,4,3
518,2,3,4,3,4,2,1,1,3,4,2,2,2,1,1,1,2,3,4,3,2,2,2,3,4,3,4,1,4,3,3,4,1,1,3,4,2,2,2,2,3,4,4,2,1,4,4,1,3,4,2,4,3,4,3,2,2,1,2,3
519,4,1,1,3,2,2,2,1,4,2,1,4,3,3,3,2,3,3,3,2,3,4,3,3,3,3,3,4,2,4,1,4,4,1,2,1,2,1,4,1,3,3,1,3,2,2,3,3,1,3,3,3,4,4,4,3,1,2,2,1
520,4,2,2,4,2,2,3,1,1,2,1,2,3,3,3,4,1,4,2,1,4,1,3,1,3,1,1,4,2,2,3,3,1,2,1,2,1,4,4,1,3,3,1,3,4,1,1,4,3,2,3,4,1,1,1,4,4,1,3,3
521,1,4,1,3,4,4,1,4,4,4,2,1,3,2,2,3,3,2,1,4,4,1,4,3,4,1,4,1,3,4,1,4,1,2,2,3,2,1,3,2,1,3,1,2,3,3,4,1,2,3,4,3,2,2,1,4,2,1,3,2
522,1,2,2,2,2,2,4,2,4,4,2,3,3,2,3,1,2,2,3,2,3,3,3,4,3,4,4,1,4,4,4,3,4,2,4,3,4,4,3,4,4,2,2,2,2,3,4,4,4,4,1,4,3,4,4,1,4,4,1,1
523,1,3,4,3,2,1,1,3,4,3,4,1,1,1,4,4,3,1,3,4,4,3,1,4,4,2,3,4,4,4,4,1,4,4,1,4,1,3,4,2,1,4,2,1,1,4,4,3,4,4,4,4,1,1,3,3,1,1,4,4
524,2,3,4,1,4,4,2,1,2,3,2,3,3,2,2,1,4,2,2,3,3,2,2,3,3,2,2,3,4,4,4,3,4,1,4,3,4,4,1,4,1,2,3,4,3,2,3,2,2,2,4,4,2,3,2,3,4,2,2,3
525,4,4,4,2,3,2,3,2,2,3,4,1,2,1,2,1,2,3,2,3,2,2,2,2,2,3,4,2,1,4,1,4,4,3,2,2,1,4,4,4,4,1,2,2,2,1,1,2,1,4,2,2,2,2,1,4,2,1,1,4
526,2,1,3,3,2,3,2,1,2,1,3,2,3,4,3,3,2,3,2,3,1,1,2,3,3,3,1,1,2,3,4,1,1,4,3,3,3,3,2,3,1,1,3,3,2,3,2,3,2,2,1,4,2,3,3,4,1,1,1,4
527,2,3,2,4,1,4,1,3,1,1,4,2,3,3,4,2,3,4,2,1,3,4,3,2,3,4,4,1,1,4,4,3,4,1,4,2,1,1,2,3,4,1,2,1,2,4,4,4,3,3,3,4,4,4,4,1,4,2,1,4
528,1,1,3,4,3,1,2,2,1,2,3,3,1,3,3,3,3,3,4,4,3,3,3,2,3,3,3,2,1,4,2,1,2,3,3,3,3,2,3,4,3,1,4,1,1,4,4,3,2,1,4,3,3,4,4,1,1,3,3,2
529,3,3,2,1,1,4,1,3,2,1,3,2,4,1,4,4,1,2,2,3,4,1,4,4,4,2,3,2,1,4,4,3,1,1,4,4,4,4,3,1,4,4,1,4,4,4,1,2,2,3,2,1,1,2,3,2,2,2,1,4
530,3,2,2,2,3,2,2,1,3,3,4,2,2,2,3,2,2,4,4,3,3,3,2,3,2,2,2,2,1,4,4,2,3,2,2,2,4,4,1,2,4,3,2,2,2,3,4,2,3,2,2,3,4,4,2,3,3,3,3,4
531,2,3,3,4,2,2,2,2,1,2,2,4,2,1,2,2,1,2,1,2,4,4,2,2,2,1,4,2,1,4,4,3,4,1,2,3,2,2,2,4,1,4,4,4,3,3,4,4,4,4,1,3,4,1,4,3,4,1,4,4
532,3,2,1,3,2,3,2,3,3,1,3,1,4,1,3,3,1,1,2,3,3,2,2,3,3,2,2,1,1,1,1,3,4,3,2,1,2,2,1,3,3,2,2,3,4,3,1,2,2,3,4,4,3,3,2,3,2,3,3,4
533,4,1,2,2,1,1,4,2,2,4,2,1,4,2,3,2,3,4,4,2,2,4,2,1,4,4,2,2,2,2,1,2,2,2,2,3,2,2,2,4,4,4,2,2,3,2,4,2,1,1,1,2,4,4,2,2,4,4,3,4
534,1,3,1,2,2,3,1,3,3,4,3,2,1,3,3,3,3,3,2,3,3,3,3,3,3,2,1,2,1,4,1,1,1,1,1,4,3,4,3,4,4,1,4,1,1,4,1,1,1,4,1,2,4,4,1,4,1,4,3,1
535,1,4,3,4,1,3,3,4,1,2,3,3,3,1,1,2,3,4,2,1,2,2,1,2,1,1,4,3,3,2,3,4,3,2,3,2,3,3,2,1,4,2,1,2,3,4,4,2,2,1,1,3,1,2,2,1,1,1,4,1
536,2,4,3,4,4,1,4,4,2,2,4,1,2,1,3,2,1,1,2,4,4,2,2,3,4,2,4,2,1,4,4,4,3,4,2,3,4,4,1,3,4,1,4,2,3,4,1,2,2,2,3,4,4,2,2,1,4,4,1,2
537,1,2,3,1,3,3,1,2,4,3,1,3,1,1,3,2,2,3,3,3,3,2,3,3,3,3,2,1,1,4,4,3,1,1,4,4,2,3,4,1,4,1,3,2,3,2,2,4,2,3,1,4,4,2,3,3,2,3,3,3
538,3,4,4,3,2,3,4,4,1,2,2,2,4,4,4,3,2,2,2,4,3,4,3,2,2,3,4,2,1,4,4,2,2,4,2,3,4,2,2,2,1,4,2,1,4,2,1,4,4,1,4,3,2,1,4,2,2,1,2,2
539,2,3,3,2,2,1,3,4,4,4,1,3,3,4,1,1,1,1,3,3,3,2,1,3,2,1,1,3,4,1,1,4,2,3,3,2,3,3,1,2,1,3,4,1,4,2,1,3,3,3,3,1,4,4,1,1,3,4,1,2
540,3,3,4,3,3,2,2,2,1,1,2,2,2,2,3,3,3,2,3,3,2,2,2,3,3,2,2,2,1,4,4,4,4,2,3,4,2,2,4,4,4,1,4,4,2,3,1,3,2,1,1,1,1,4,4,1,3,2,4,2
541,4,1,2,2,1,4,4,3,2,3,3,3,3,3,3,3,3,3,4,3,3,2,3,1,2,2,2,2,1,4,2,2,1,4,2,1,1,2,1,4,3,4,2,2,2,1,4,4,4,2,3,2,3,4,1,3,4,1,4,3
542,1,2,3,4,1,1,1,4,3,1,2,1,4,1,4,1,1,1,3,4,3,3,2,1,4,1,1,1,1,3,4,1,1,1,1,2,2,1,3,4,3,4,3,3,3,2,2,3,1,3,3,1,1,1,1,4,2,2,1,3
543,1,2,3,4,3,2,1,1,1,2,3,4,3,3,2,3,3,4,3,2,1,1,3,2,3,2,1,2,1,4,4,2,3,2,2,3,4,4,3,3,4,3,2,3,1,2,2,2,1,3,4,4,1,2,2,2,1,4,1,4
544,2,2,3,1,2,1,2,1,3,2,2,1,3,4,3,2,3,2,3,3,3,3,2,3,2,3,4,2,1,4,4,2,2,2,2,1,3,4,4,4,3,2,2,1,2,2,3,4,4,1,4,1,1,1,3,4,2,2,1,3
545,2,2,1,4,2,3,4,1,2,3,4,3,2,3,1,2,3,4,3,2,1,2,2,3,3,1,3,3,3,2,3,1,2,2,3,2,1,4,1,3,2,1,2,2,3,3,2,3,1,2,4,1,4,4,1,2,2,4,1,4
546,3,3,2,2,2,3,2,3,4,4,4,2,4,2,2,4,4,4,2,3,4,2,1,1,1,4,4,2,2,1,1,2,3,1,4,4,1,2,4,2,3,4,4,2,2,2,2,4,2,4,2,3,2,2,4,4,4,2,3,1
547,4,2,4,4,3,4,4,2,4,1,2,1,3,4,4,2,4,4,1,4,2,2,2,3,2,2,4,1,4,4,2,4,4,4,3,4,1,2,4,2,4,2,2,2,2,2,3,4,1,3,4,1,3,4,4,4,2,2,3,2
548,1,2,2,1,1,4,1,1,4,4,4,1,3,2,3,1,3,2,1,2,2,3,2,3,4,3,1,2,1,4,4,3,1,1,4,1,1,1,1,1,3,3,1,2,1,3,1,4,1,3,4,1,1,4,1,3,2,3,4,1
549,1,2,3,3,3,4,2,3,4,4,2,1,4,1,2,2,3,4,1,4,2,2,1,2,3,3,1,2,2,3,4,3,1,1,4,4,4,2,3,4,4,4,4,4,2,1,3,3,3,3,3,3,2,3,3,3,2,3,3,1
550,2,1,4,2,1,3,2,3,2,2,2,2,2,2,3,2,3,4,4,2,2,3,3,2,2,3,4,2,1,4,4,3,4,4,3,2,4,2,1,3,2,4,1,2,2,1,3,4,4,3,2,1,3,2,1,3,4,1,1,1
551,4,2,1,1,1,2,3,2,3,2,3,4,4,2,3,3,2,3,2,3,2,3,2,3,3,3,4,2,1,4,1,3,4,1,2,4,4,2,3,4,2,2,2,4,1,1,4,2,2,2,2,2,2,4,1,4,1,3,3,4
552,4,3,1,4,1,1,1,4,3,1,3,2,2,3,4,1,1,2,3,4,4,4,3,4,1,1,1,3,3,3,1,1,4,4,2,3,2,1,4,1,2,3,2,1,4,2,3,4,1,1,3,1,1,4,1,1,4,3,4,3
553,2,1,2,4,1,2,2,1,3,2,4,1,1,1,1,2,4,2,1,3,4,4,4,4,2,3,2,1,1,4,4,3,1,1,1,1,4,4,4,3,3,4,4,4,1,4,4,2,2,1,3,4,4,3,4,4,4,3,1,3
554,3,1,2,2,1,2,3,4,2,3,4,4,3,4,1,4,2,3,4,1,1,1,4,3,3,3,2,1,3,1,3,3,2,1,3,1,1,1,3,4,3,2,1,2,1,4,3,4,3,1,4,3,4,4,3,3,1,1,4,4
555,2,2,2,1,4,4,4,1,4,2,1,2,3,1,1,4,2,4,1,4,2,1,2,3,4,2,2,2,1,1,2,1,1,2,1,2,2,1,4,2,3,2,2,3,2,3,2,2,2,2,1,4,2,2,1,1,1,4,1,1
556,4,1,1,3,4,2,3,3,1,4,3,4,2,2,2,3,2,1,2,3,3,2,3,3,2,3,2,3,2,3,2,3,2,3,2,3,1,3,1,2,2,1,3,2,3,4,1,4,2,1,2,2,2,1,3,3,4,2,3,2
557,1,4,4,1,4,2,1,1,1,3,4,1,1,1,2,1,4,2,2,1,1,2,3,2,2,1,2,3,4,2,2,3,2,2,2,2,2,1,3,4,2,2,1,4,1,1,4,4,3,4,2,2,3,4,3,2,4,1,4,2
558,2,2,2,3,2,2,1,3,2,4,3,4,4,4,4,2,4,2,2,2,2,1,4,4,2,1,2,2,1,4,4,3,1,4,4,4,4,1,4,2,3,4,4,2,3,4,4,4,3,4,4,4,4,2,1,4,2,2,2,2
559,2,2,3,4,2,2,4,1,2,1,1,4,1,2,2,1,1,2,4,3,2,1,1,4,1,2,2,4,2,2,3,4,4,4,4,4,1,1,4,4,3,2,4,4,2,4,2,4,2,1,2,4,2,2,4,4,2,4,1,2
560,4,1,3,2,1,3,2,4,1,4,1,4,2,3,1,3,4,1,4,4,4,2,1,1,2,1,4,3,3,1,3,1,2,3,3,3,2,1,3,2,4,1,2,2,2,2,1,2,4,2,1,4,2,3,4,2,2,3,3,1
561,3,4,2,3,3,3,1,1,1,1,3,1,3,2,2,3,4,2,1,1,1,3,4,3,1,4,2,1,4,3,3,4,1,3,2,2,1,4,3,1,4,1,1,1,4,4,3,3,3,1,3,1,3,3,3,3,4,4,3,2
562,4,1,4,4,1,4,1,1,4,4,4,4,1,4,4,1,4,4,1,4,1,4,4,1,4,4,1,4,4,1,1,1,4,2,1,4,4,2,2,3,4,3,2,2,2,3,3,3,1,1,4,4,4,4,4,3,3,4,4,2
563,4,3,3,3,2,3,1,1,3,3,4,2,3,1,3,3,4,3,2,2,3,1,3,3,3,2,1,3,1,4,1,2,3,2,2,3,4,4,3,3,4,3,2,3,1,2,2,2,1,3,4,4,1,2,2,2,1,4,1,4
564,4,4,1,4,2,3,2,2,1,4,1,1,1,2,1,4,2,1,4,3,2,3,3,1,4,4,2,4,2,3,4,1,4,2,3,2,1,4,2,4,2,4,4,3,4,4,4,3,4,1,4,1,1,2,4,4,2,4,4,4
565,2,4,2,1,4,2,3,4,4,2,2,3,3,2,3,4,4,3,2,2,1,1,4,2,1,2,4,3,2,4,4,3,4,1,4,3,4,2,4,3,3,2,3,1,4,1,3,2,2,2,2,4,4,2,3,4,4,1,2,3
566,3,1,1,1,1,1,1,2,1,3,2,1,1,1,1,1,1,2,1,1,3,3,2,2,2,3,3,3,4,2,3,3,2,2,1,3,4,1,1,3,3,1,3,4,4,3,3,1,4,3,4,2,2,3,4,4,3,3,3,3
567,1,3,2,3,3,3,2,4,2,3,3,2,1,2,2,2,1,4,4,2,3,4,4,3,3,2,1,4,1,4,4,3,1,1,4,1,4,4,4,1,1,4,4,2,3,3,4,1,4,1,4,4,1,2,2,3,4,4,3,3
568,2,2,3,3,2,1,4,2,3,2,1,4,2,3,2,1,4,4,1,3,3,3,1,1,1,3,4,1,1,4,4,3,1,1,4,1,3,4,1,1,3,3,4,4,4,4,4,1,1,4,1,3,1,3,3,4,3,4,1,2
569,2,1,1,4,1,1,4,2,2,1,1,1,4,2,1,4,3,4,1,1,4,4,3,3,4,2,1,4,1,4,1,1,3,3,3,3,2,3,3,1,2,3,1,1,1,1,3,4,2,2,1,1,4,4,1,3,3,2,1,3
570,4,4,3,2,3,2,3,4,2,3,4,4,3,3,2,3,1,4,2,3,3,2,2,3,2,3,3,2,2,2,1,3,3,3,2,3,4,1,2,3,2,2,3,4,4,2,3,3,3,1,4,2,3,2,3,2,3,4,4,1
571,4,3,2,1,1,1,1,3,3,1,1,4,2,1,3,1,1,2,3,4,4,2,4,4,1,1,1,2,2,2,1,4,1,4,4,3,2,3,3,1,1,2,1,4,3,1,4,4,4,3,3,2,4,3,1,4,1,1,4,4
572,2,1,4,1,2,3,4,4,4,3,2,3,1,2,1,1,2,1,1,1,1,2,3,3,3,2,4,4,2,4,4,3,1,1,4,1,4,1,4,4,4,2,2,1,1,4,2,3,2,1,4,1,4,1,2,2,1,2,1,4
573,3,3,4,4,2,3,4,4,3,4,1,1,1,4,4,2,2,4,1,4,4,1,1,4,4,2,4,1,4,1,4,3,1,1,4,3,2,3,4,3,1,2,1,3,3,2,3,3,1,3,3,3,4,1,2,1,3,3,3,3
574,3,4,2,4,3,2,2,3,4,2,4,4,1,2,1,1,4,2,1,1,1,1,4,4,2,3,2,2,3,3,2,2,2,1,4,2,1,1,2,2,3,4,4,2,2,1,4,4,4,2,4,4,3,4,4,2,2,1,2,2
575,1,4,2,4,2,2,2,3,2,3,4,3,2,3,3,3,2,2,1,3,4,4,4,1,4,2,1,2,1,4,2,2,1,3,3,3,4,4,4,4,2,2,1,3,2,2,3,4,1,1,2,2,3,4,4,3,4,2,2,4
576,1,4,3,4,4,2,1,3,4,1,3,2,3,2,4,4,2,3,2,1,4,3,4,2,1,1,2,2,3,2,3,4,2,2,3,2,2,2,4,4,4,3,3,2,1,1,4,2,4,1,3,3,2,3,2,2,3,1,2,2
577,3,3,2,3,1,3,4,3,2,3,3,4,4,4,3,2,3,2,3,3,2,3,4,4,2,3,4,2,3,2,3,3,3,4,2,2,3,2,3,4,3,4,4,3,2,2,3,2,1,3,2,2,3,4,2,3,4,2,3,4
578,3,1,3,4,1,1,1,1,4,3,3,4,3,3,2,3,3,4,3,4,4,1,3,4,4,3,2,1,2,3,2,4,2,1,3,3,1,1,2,2,1,4,2,1,1,2,3,4,4,1,3,1,2,4,1,1,4,2,3,3
579,2,3,1,4,2,2,3,1,4,1,1,2,1,3,2,2,2,1,2,2,1,1,3,1,3,2,3,2,2,1,2,2,2,1,2,3,3,1,1,4,4,1,4,1,1,1,1,4,4,2,3,1,3,2,1,1,4,4,4,3
580,2,2,3,3,4,2,3,2,1,4,1,4,2,4,4,1,4,1,1,1,4,2,1,3,3,3,4,3,3,3,4,3,1,2,1,1,4,1,3,2,2,4,2,1,4,1,2,4,3,4,3,1,1,1,3,4,3,3,2,2
581,1,2,2,2,2,4,3,2,4,3,4,2,2,2,3,4,1,2,1,2,3,4,2,4,2,2,3,4,2,1,2,2,2,4,3,4,3,3,2,2,2,2,1,2,1,4,4,4,1,4,2,2,4,2,2,2,2,3,3,2
582,1,4,2,1,4,1,1,2,4,2,3,1,1,4,3,1,3,4,3,1,1,2,4,1,1,2,2,2,3,3,2,1,3,4,1,1,4,2,1,4,3,3,4,1,3,1,4,4,3,1,4,4,2,3,3,1,1,1,2,1
583,4,4,2,3,4,2,2,4,4,1,4,2,2,2,2,3,2,1,3,4,2,3,4,1,4,1,3,4,4,1,4,3,1,1,4,4,1,4,4,4,1,4,1,3,4,4,1,4,4,2,1,3,2,1,3,4,3,2,3,4
584,2,2,1,3,2,2,1,4,1,4,3,4,3,2,3,3,2,3,3,2,3,3,2,3,2,3,4,4,1,4,4,3,1,4,4,1,4,2,2,4,2,3,4,2,2,1,2,2,2,2,3,4,1,1,4,2,3,4,4,3
585,1,4,1,2,3,4,4,1,1,4,3,3,2,1,3,1,2,2,3,1,1,4,3,1,2,3,4,3,1,1,3,1,1,3,1,2,2,3,2,1,1,3,4,3,3,3,4,1,4,4,1,4,2,1,3,4,3,3,3,3
586,4,2,1,4,1,4,4,1,4,2,3,4,1,1,4,1,1,4,4,1,4,2,1,4,4,1,2,1,2,2,1,4,2,4,2,2,2,1,2,2,3,4,4,1,4,2,4,2,1,3,4,1,1,4,1,1,4,1,1,2
587,2,2,3,2,2,2,2,1,2,2,3,2,2,2,1,2,3,2,3,1,4,4,3,3,2,2,1,4,3,2,1,1,1,3,4,4,1,1,1,3,1,3,4,3,4,4,2,3,3,3,3,2,3,2,1,2,3,2,2,1
588,1,4,3,1,4,2,2,1,1,1,4,1,2,2,1,3,2,1,4,2,4,3,3,3,2,2,3,3,3,1,3,4,3,4,3,4,1,4,1,1,3,3,4,1,1,1,3,4,1,2,3,1,4,2,1,3,3,1,3,3
589,4,4,3,4,2,2,3,2,1,4,2,4,3,3,2,4,4,4,2,3,4,4,1,4,1,2,4,1,4,4,4,3,4,1,4,3,3,3,3,3,2,2,2,2,2,3,2,3,4,2,2,1,2,2,2,3,2,1,4,2
590,2,1,4,2,2,2,3,4,1,2,1,2,3,4,2,2,2,3,4,2,3,3,3,4,2,3,4,2,1,4,2,2,2,3,3,2,3,3,2,1,2,2,4,1,3,4,1,4,3,4,2,1,2,4,3,3,2,1,1,4
591,3,1,3,4,4,4,2,1,4,2,3,2,4,3,2,3,3,2,1,2,2,4,3,2,1,1,4,4,1,4,4,3,1,2,4,4,4,2,2,4,4,4,4,4,4,3,4,4,4,2,4,4,2,2,3,2,1,2,4,4
592,3,2,1,3,3,3,3,3,4,4,4,2,2,2,2,3,3,3,2,3,2,3,4,2,2,2,3,3,1,4,4,3,4,3,2,1,4,1,2,2,3,4,1,2,2,2,1,4,4,2,1,4,2,2,1,1,2,1,1,4
593,1,1,1,1,4,2,1,3,3,2,3,1,1,4,4,2,3,4,3,3,3,2,3,2,2,1,2,2,1,4,4,3,3,3,2,2,4,2,2,2,2,1,2,2,1,2,2,3,4,1,2,4,4,3,4,1,3,2,3,3
594,3,4,1,2,3,4,2,4,4,4,4,1,2,4,4,2,3,2,3,4,1,2,4,1,4,4,1,4,4,1,2,3,4,2,1,4,2,1,3,2,4,1,2,2,2,2,1,1,4,2,3,4,1,2,2,1,4,2,3,4
595,3,4,2,3,1,1,2,3,3,2,1,1,4,1,3,1,4,1,4,2,2,3,2,2,3,4,4,1,2,3,3,3,3,2,2,4,3,4,4,2,2,4,2,4,4,2,1,1,2,2,1,2,2,2,2,1,1,4,1,3
596,1,3,2,4,3,4,4,1,4,1,3,4,2,1,4,2,3,4,1,4,4,2,1,4,2,1,2,1,1,4,4,3,4,4,4,4,1,2,3,4,3,1,2,4,3,4,4,1,2,4,4,2,2,3,2,2,2,2,3,2
597,2,2,3,4,1,2,1,4,2,1,3,2,1,2,1,3,4,4,1,1,4,2,2,1,3,1,3,4,1,3,4,2,1,4,2,2,4,1,2,2,3,4,4,1,2,2,2,2,1,2,2,4,1,4,1,1,2,2,2,2
598,3,2,1,1,2,2,1,4,1,4,4,3,3,2,2,3,4,3,4,4,3,3,2,2,3,4,2,1,4,1,1,1,1,2,1,4,3,2,2,1,4,4,1,4,2,1,2,3,1,3,2,1,4,4,1,2,3,3,3,4
599,4,4,2,1,3,2,4,3,3,4,1,4,1,1,3,4,1,1,3,4,4,1,1,1,1,4,1,1,2,4,3,4,2,3,2,2,1,4,1,2,2,2,1,1,1,3,2,3,1,1,2,1,3,1,4,3,3,2,3,2
600,1,4,4,2,1,2,2,3,2,3,2,2,4,4,4,2,1,2,2,2,2,2,1,1,3,2,4,2,1,3,2,3,3,2,3,3,2,1,4,2,4,1,2,1,3,2,2,1,2,3,3,3,4,4,4,1,1,2,1,3
